name,brand,category,price_category,current_price,original_price,savings_amount,discount_percent,value_score,rating,num_reviews,has_reviews,num_straps,bluetooth_calling,amoled_display,water_resistant,express_delivery,scraped_date,dataset_version
Smart Watch 8 Classic,Generic,Standard Smartwatch,Mid-Range,4999,8999,4000,44.0,35.2,0.0,0,0,1,0,0,0,0,2026-01-16,1.0
Zero Navigator Smartwatch,Zero,Standard Smartwatch,Premium,14999,32999,18000,55.0,66.0,0.0,0,0,1,0,0,0,1,2026-01-16,1.0
T1000 Ultra 3 7+1 Smart Watch,Generic,Standard Smartwatch,Budget,1449,2499,1050,42.0,30.41,0.0,0,0,7,0,0,0,0,2026-01-16,1.0
MK-T200 7in1 Smart Watch 2025 Edition,Generic,Standard Smartwatch,Budget,1549,2500,951,38.0,23.31,0.0,0,0,7,0,0,0,1,2026-01-16,1.0
MK-M200 7in1 Smart Watch 2025 Edition,Generic,Standard Smartwatch,Budget,1549,2500,951,38.0,23.31,0.0,0,0,7,0,0,0,0,2026-01-16,1.0
ZT-325 (7+1+1) Smart Watch,Generic,Standard Smartwatch,Mid-Range,3049,5500,2451,45.0,36.16,0.0,0,0,7,0,0,0,0,2026-01-16,1.0
Crown L-29 Smart Watch,Crown,Standard Smartwatch,Budget,1199,1800,601,33.0,16.53,0.0,0,0,1,0,0,0,0,2026-01-16,1.0
Crown Q700 Ladies Smart Watch with Jewellery Set,Crown,Ladies Smartwatch,Mid-Range,2299,4000,1701,43.0,31.8,0.0,0,0,1,0,0,0,0,2026-01-16,1.0
Login L-115 Glory Smart Watch,Login,Standard Smartwatch,Premium,13999,16999,3000,18.0,3.86,0.0,0,0,1,0,0,0,0,2026-01-16,1.0
Watch X Double Straps Smart Watch,Generic,Standard Smartwatch,Budget,1549,2500,951,38.0,23.31,0.0,0,0,1,0,0,0,0,2026-01-16,1.0
I10 Pro Smart Watch,Generic,Standard Smartwatch,Budget,1349,2100,751,36.0,20.03,0.0,0,0,1,0,0,0,1,2026-01-16,1.0
BW11 2 in 1 Combination Smart Watch with Buds,Generic,Smartwatch + Accessories,Premium,10199,19999,9800,49.0,47.08,0.0,0,0,2,0,0,0,0,2026-01-16,1.0
Ultra 3 7+1 Deluxe Edition Smart Watch,Generic,Standard Smartwatch,Budget,1449,2499,1050,42.0,30.41,0.0,0,0,7,0,0,0,0,2026-01-16,1.0
ZW10 Ladies Smart Watch,Generic,Ladies Smartwatch,Mid-Range,3199,5999,2800,47.0,41.12,0.0,0,0,1,0,0,0,0,2026-01-16,1.0
Crown C6 Ultra 2 Smart Watch With Headphone,Crown,Smartwatch + Accessories,Mid-Range,2199,3800,1601,42.0,30.56,0.0,0,0,1,0,0,0,0,2026-01-16,1.0
MK-S200 7in1 Smart Watch 2025 Edition,Generic,Standard Smartwatch,Budget,1549,2500,951,38.0,23.31,0.0,0,0,7,0,0,0,0,2026-01-16,1.0
Mk-X40 8in1 Smart Watch With Airpods,Generic,Smartwatch + Accessories,Budget,1999,2500,501,20.0,5.01,0.0,0,0,8,0,0,0,0,2026-01-16,1.0
Crown Q600 7+1 Series 10 Smart Watch,Crown,Standard Smartwatch,Budget,1399,2200,801,36.0,20.6,0.0,0,0,7,0,0,0,0,2026-01-16,1.0
Crown S600 Ten Plus One Smart Watch With Airpods,Crown,Smartwatch + Accessories,Budget,1999,3400,1401,41.0,28.72,0.0,0,0,1,0,0,0,0,2026-01-16,1.0
Login L-107 Prism Smart Watch,Login,Standard Smartwatch,Premium,9499,14999,5500,37.0,21.42,0.0,0,0,1,0,0,0,1,2026-01-16,1.0
Urpin UW-100 Infinity 8+1 Smart Watch,Generic,Standard Smartwatch,Mid-Range,2749,4999,2250,45.0,36.82,0.0,0,0,8,0,0,0,0,2026-01-16,1.0
Watch Ultra 3 (7+1 ) Deluxe Edition Smart Watch,Generic,Standard Smartwatch,Budget,1449,2300,851,37.0,21.72,0.0,0,0,7,0,0,0,0,2026-01-16,1.0
DT108 Sport Smart Watch,Generic,Sport/Outdoor Watch,Mid-Range,3399,6200,2801,45.0,37.07,0.0,0,0,1,0,0,0,0,2026-01-16,1.0
MK-X50 7in1 Smart Watch,Generic,Standard Smartwatch,Budget,1549,2500,951,38.0,23.31,0.0,0,0,7,0,0,0,0,2026-01-16,1.0
JS Watch 8 Classic Smart Watch,Generic,Standard Smartwatch,Premium,5499,10400,4901,47.0,41.88,0.0,0,0,1,0,0,0,1,2026-01-16,1.0
V19 Pro Hyper Smart Watch,Generic,Standard Smartwatch,Budget,1699,2800,1101,39.0,25.26,0.0,0,0,1,0,0,0,0,2026-01-16,1.0
ZT-08 With Double Straps Smart Watch,Generic,Standard Smartwatch,Mid-Range,2499,4400,1901,43.0,32.7,0.0,0,0,1,0,0,0,0,2026-01-16,1.0
Apple Watch SE 3 40mm GPS (2025),Apple,Mid-Range Watch,Luxury,82499,99000,16501,17.0,3.4,0.0,0,0,1,0,0,0,1,2026-01-16,1.0
Watch Ultra 3 7in1 Smart Watch,Generic,Standard Smartwatch,Budget,1449,2300,851,37.0,21.72,0.0,0,0,7,0,0,0,1,2026-01-16,1.0
Ultra 3 7in1 Smart Watch,Generic,Standard Smartwatch,Budget,1449,2300,851,37.0,21.72,0.0,0,0,7,0,0,0,0,2026-01-16,1.0
Watch 7 Max Smart Watch,Generic,Standard Smartwatch,Mid-Range,2699,4800,2101,44.0,34.24,0.0,0,0,1,0,0,0,1,2026-01-16,1.0
W10 Mini Five Straps Smart Watch,Generic,Standard Smartwatch,Mid-Range,2399,4200,1801,43.0,32.27,0.0,0,0,1,0,0,0,0,2026-01-16,1.0
ZT-068 Smart Watch,Generic,Standard Smartwatch,Budget,1499,2800,1301,46.0,39.9,0.0,0,0,1,0,0,0,0,2026-01-16,1.0
Series 10 Seven Plus Two Smart Watch,Generic,Standard Smartwatch,Budget,1999,3400,1401,41.0,28.72,0.0,0,0,1,0,0,0,1,2026-01-16,1.0
Series 10 7 in 1 Strap Smart Watch,Generic,Standard Smartwatch,Budget,1399,2200,801,36.0,20.6,0.0,0,0,7,0,0,0,0,2026-01-16,1.0
Ultra Smart Watch With 7 Straps,Generic,Standard Smartwatch,Budget,1459,8000,6541,82.0,367.37,4.7,0,0,7,0,0,0,1,2026-01-16,1.0
Ultra Smart Watch With 10 Straps,Generic,Standard Smartwatch,Budget,1799,6000,4201,70.0,163.37,4.7,0,0,10,0,0,0,1,2026-01-16,1.0
I20 Ultra Smart Watch With Earbuds And 7 Straps,Generic,Smartwatch + Accessories,Budget,1899,8000,6101,76.0,244.04,4.6,0,0,7,0,0,0,1,2026-01-16,1.0
X10 Pro Max Smart Watch,Generic,Standard Smartwatch,Budget,1549,3500,1951,56.0,70.49,4.6,0,0,1,0,0,0,1,2026-01-16,1.0
T900 Ultra 2 Smart Watch,Generic,Standard Smartwatch,Budget,1099,4000,2901,73.0,192.52,4.7,0,0,1,0,0,0,1,2026-01-16,1.0
Samsung Watch 8 Classic 46mm,Samsung,Premium Watch,Luxury,88499,139999,51500,37.0,21.53,0.0,0,0,1,0,0,0,1,2026-01-16,1.0
Samsung Galaxy Fit 3 (1 Year Brand Warranty),Samsung,Premium Watch,Premium,10999,16650,5651,34.0,17.47,5.0,0,0,1,0,0,0,1,2026-01-16,1.0
Zero Luna Smart Watch,Zero,Standard Smartwatch,Mid-Range,4799,21499,16700,78.0,271.38,4.7,0,0,1,0,0,0,1,2026-01-16,1.0
DT900 ULTRA Smart watch With 7 Straps,Generic,Standard Smartwatch,Budget,1699,8500,6801,80.0,320.05,4.7,0,0,7,0,0,0,1,2026-01-16,1.0
Huawei Watch Fit 4,Huawei,Fitness Band,Luxury,32299,59999,27700,46.0,39.45,5.0,0,0,1,0,0,0,1,2026-01-16,1.0
i10 Pro Max Series 9 Smart Watch,Generic,Standard Smartwatch,Budget,1299,4000,2701,68.0,141.28,4.5,0,0,1,0,0,0,1,2026-01-16,1.0
Apple Watch Series 11 46mm,Apple,Mid-Range Watch,Luxury,124999,160000,35001,22.0,6.16,3.0,0,0,1,0,0,0,1,2026-01-16,1.0
Kieslect Kr Calling Watch,Generic,Standard Smartwatch,Premium,9799,11999,2200,18.0,4.04,4.9,0,0,1,1,0,0,0,2026-01-16,1.0
Joyroom JR-FT5 Smart Watch,Generic,Standard Smartwatch,Premium,9949,10500,551,5.0,0.28,4.8,0,0,1,0,0,0,0,2026-01-16,1.0
T900 Ultra Smart Watch,Generic,Standard Smartwatch,Budget,1249,5999,4750,79.0,300.2,4.7,0,0,1,0,0,0,1,2026-01-16,1.0
HW8 Ultra Max Bluetooth Smart Watch,Generic,Standard Smartwatch,Premium,5299,7499,2200,29.0,12.04,4.7,0,0,1,0,0,0,1,2026-01-16,1.0
WK8 Ultra Smart Watch,Generic,Standard Smartwatch,Mid-Range,2799,6799,4000,59.0,84.29,5.0,0,0,1,0,0,0,1,2026-01-16,1.0
X8 Ultra Max Bluetooth Calling Watch,Generic,Standard Smartwatch,Premium,5699,6999,1300,19.0,4.33,5.0,0,0,1,1,0,0,1,2026-01-16,1.0
Joyroom Smart Watch (JR-FT6),Generic,Standard Smartwatch,Premium,13599,17000,3401,20.0,5.0,0.0,0,0,1,0,0,0,0,2026-01-16,1.0
Faster NERV Smart Watch 3 Pro,Generic,Standard Smartwatch,Premium,10499,19999,9500,48.0,43.43,0.0,0,0,1,0,0,0,1,2026-01-16,1.0
Tk300 Ultra 8 in 2 Smart Warch,Generic,Standard Smartwatch,Mid-Range,3199,4900,1701,35.0,18.6,0.0,0,0,1,0,0,0,0,2026-01-16,1.0
Gen 9 Pro 2 Ladies Smart Watch With 7 Straps,Generic,Ladies Smartwatch,Mid-Range,3299,8500,5201,61.0,96.14,4.5,0,0,7,0,0,0,1,2026-01-16,1.0
XINJI COBEE C1 Pro Smart Watch Bluetooth Calling IP68 Waterproof,Generic,Standard Smartwatch,Premium,7500,11500,4000,35.0,18.66,0.0,0,0,1,1,0,1,1,2026-01-16,1.0
Xinji N3 Smartwatch Ultra-Thin 1.43'' AMOLED,Generic,Standard Smartwatch,Premium,12999,19000,6001,32.0,14.77,0.0,0,0,1,0,1,0,1,2026-01-16,1.0
Xinji Nothing N1 Smart Watch AMOLED Display,Generic,Standard Smartwatch,Premium,10999,18000,7001,39.0,24.82,0.0,0,0,1,0,1,0,1,2026-01-16,1.0
JS50 Pro Max Luxury Smart Watch,Generic,Luxury Smartwatch,Premium,6299,9999,3700,37.0,21.73,0.0,0,0,1,0,0,0,1,2026-01-16,1.0
Z57 Round Bezzel Working Smart watch,Generic,Standard Smartwatch,Mid-Range,2999,6900,3901,57.0,74.12,5.0,0,0,1,0,0,0,1,2026-01-16,1.0
HX08 Smart Watch,Generic,Standard Smartwatch,Mid-Range,3599,6500,2901,45.0,36.26,5.0,0,0,1,0,0,0,1,2026-01-16,1.0
D15 GS Luxury Smart Watch,Generic,Luxury Smartwatch,Mid-Range,2149,6000,3851,64.0,114.63,0.0,0,0,1,0,0,0,0,2026-01-16,1.0
Pro 9 Ultra 2 2 in 1 Double Straps Smart Watch,Generic,Smartwatch + Accessories,Mid-Range,2799,6000,3201,53.0,60.59,0.0,0,0,2,0,0,0,1,2026-01-16,1.0
Choetech Touch Screen Smart Watch (WT001),Generic,Standard Smartwatch,Premium,7499,11999,4500,38.0,22.8,0.0,0,0,1,0,0,0,0,2026-01-16,1.0
T Watch X Series 10 Smart Watch,Generic,Standard Smartwatch,Budget,1549,3500,1951,56.0,70.49,0.0,0,0,1,0,0,0,1,2026-01-16,1.0
Mars LW-231 Smart Watch With LED Display,Generic,Standard Smartwatch,Premium,6399,9000,2601,29.0,11.79,0.0,0,0,1,0,0,0,0,2026-01-16,1.0
HiFuture FutureGo Pro Stainless-Steel Smartwatch with FHD Large Screen,Generic,Standard Smartwatch,Luxury,17999,22500,4501,20.0,5.0,0.0,0,0,1,0,0,0,1,2026-01-16,1.0
HiFuture ULTRA 3 Bluetooth Calling Smart Watch,Generic,Standard Smartwatch,Luxury,15299,17000,1701,10.0,1.11,0.0,0,0,1,1,0,0,0,2026-01-16,1.0
MG300 Bluetooth Smart Watch,Generic,Standard Smartwatch,Premium,5399,8000,2601,33.0,15.9,0.0,0,0,1,0,0,0,1,2026-01-16,1.0
Zero Icon Smart Watch,Zero,Standard Smartwatch,Premium,6499,16999,10500,62.0,100.15,0.0,0,0,1,0,0,0,1,2026-01-16,1.0
Blaktron Infiniti X1 Smart Watch,Generic,Standard Smartwatch,Premium,10299,12999,2700,21.0,5.5,0.0,0,0,1,0,0,0,0,2026-01-16,1.0
Blaktron Infiniti X2 Smart Watch,Generic,Standard Smartwatch,Premium,10299,12999,2700,21.0,5.5,0.0,0,0,1,0,0,0,0,2026-01-16,1.0
Active 2 7 in 1 Smart Watch,Generic,Standard Smartwatch,Mid-Range,2899,4999,2100,42.0,30.41,4.5,0,0,7,0,0,0,1,2026-01-16,1.0
Zero Edge Smart Watch,Zero,Standard Smartwatch,Premium,6399,19999,13600,68.0,144.5,0.0,0,0,1,0,0,0,1,2026-01-16,1.0
ZT-40 7 in 1 Smart Watch With Speaker Mic,Generic,Standard Smartwatch,Mid-Range,2499,4999,2500,50.0,50.0,0.0,0,0,7,0,0,0,1,2026-01-16,1.0
Crown S600 8 in 1 Smart Watch,Crown,Standard Smartwatch,Mid-Range,2299,4999,2700,54.0,63.39,0.0,0,0,8,0,0,0,1,2026-01-16,1.0
TLTM-M16 Series 10 with Double Strap Smart watch,Generic,Standard Smartwatch,Budget,1699,4250,2551,60.0,90.04,0.0,0,0,1,0,0,0,1,2026-01-16,1.0
Crown M60 Ultra 2 (10+1) Smart Watch with Earbuds,Crown,Smartwatch + Accessories,Budget,1999,6000,4001,67.0,134.03,0.0,0,0,10,0,0,0,1,2026-01-16,1.0
TLTM-M2000 Series 10 with Earbuds 10 in 1 Smart Watch,Generic,Smartwatch + Accessories,Mid-Range,2349,4499,2150,48.0,43.91,0.0,0,0,10,0,0,0,1,2026-01-16,1.0
Airox W3 Curve LED Smart Watch,Generic,Standard Smartwatch,Premium,5999,7999,2000,25.0,8.33,0.0,0,0,1,0,0,0,1,2026-01-16,1.0
HD30 Ultra 3 Smart Watch,Generic,Standard Smartwatch,Budget,1599,2999,1400,47.0,41.12,0.0,0,0,1,0,0,0,1,2026-01-16,1.0
Samsung Watch 8 44mm,Samsung,Premium Watch,Luxury,75499,149999,74500,50.0,49.34,5.0,0,0,1,0,0,0,1,2026-01-16,1.0
L16 Smart Watch,Generic,Standard Smartwatch,Budget,1749,3499,1750,50.0,50.0,5.0,0,0,1,0,0,0,1,2026-01-16,1.0
A68 Plus Ladies Smart Watch,Generic,Ladies Smartwatch,Mid-Range,2499,4400,1901,43.0,32.7,5.0,0,0,1,0,0,0,0,2026-01-16,1.0
HG300 Ultra 3 ( 7 in 1 ) Smart Watch,Generic,Standard Smartwatch,Budget,1749,2900,1151,40.0,26.31,0.0,0,0,7,0,0,0,0,2026-01-16,1.0
T24 Champion Edition 7 Straps Smart Watch,Generic,Standard Smartwatch,Mid-Range,2899,2899,0,0.0,0.0,0.0,0,0,7,0,0,0,0,2026-01-16,1.0
X10 Max Smart Watch,Generic,Standard Smartwatch,Budget,1449,2300,851,37.0,21.72,0.0,0,0,1,0,0,0,1,2026-01-16,1.0
MK-X300 Series 10 ( 7 in 1 ) Smart Watch,Generic,Standard Smartwatch,Mid-Range,2199,3800,1601,42.0,30.56,0.0,0,0,7,0,0,0,0,2026-01-16,1.0
SK51 Double Pair Straps Business Series Smart Watch,Generic,Standard Smartwatch,Premium,5799,11000,5201,47.0,42.15,0.0,0,0,1,0,0,0,1,2026-01-16,1.0
SK41 Double Strap Smart Watch,Generic,Standard Smartwatch,Premium,5999,11400,5401,47.0,42.31,0.0,0,0,1,0,0,0,0,2026-01-16,1.0
A99 Plus Ladies Smart Watch Gift Set,Generic,Ladies Smartwatch,Mid-Range,2599,4600,2001,44.0,33.86,0.0,0,0,1,0,0,0,1,2026-01-16,1.0
Huawei Watch Fit 4 Pro,Huawei,Fitness Band,Luxury,52999,70000,17001,24.0,7.7,0.0,0,0,1,0,0,0,0,2026-01-16,1.0
Oraimo Watch 6 OSW-807 SmartWatch,Generic,Standard Smartwatch,Mid-Range,4399,7000,2601,37.0,21.87,0.0,0,0,1,0,0,0,1,2026-01-16,1.0
Oraimo OSW-814L Watch Nova 2 Lite SmartWatch,Generic,Standard Smartwatch,Premium,7999,9999,2000,20.0,5.0,0.0,0,0,1,0,0,0,0,2026-01-16,1.0
Login L-102 Smart Watch,Login,Standard Smartwatch,Premium,6499,10999,4500,41.0,28.38,0.0,0,0,1,0,0,0,0,2026-01-16,1.0
Login L-101 Smart Watch,Login,Standard Smartwatch,Premium,7999,11999,4000,33.0,16.5,0.0,0,0,1,0,0,0,1,2026-01-16,1.0
Apple Watch Series 11 42mm,Apple,Mid-Range Watch,Luxury,119999,154999,35000,23.0,6.71,0.0,0,0,1,0,0,0,0,2026-01-16,1.0
Zero Armour Smart Watch,Zero,Standard Smartwatch,Premium,7499,22449,14950,67.0,133.55,4.8,0,0,1,0,0,0,1,2026-01-16,1.0
WS99 Ultra Smart Watch With Three Straps,Generic,Standard Smartwatch,Mid-Range,2699,5500,2801,51.0,52.91,5.0,0,0,1,0,0,0,1,2026-01-16,1.0
Amazfit T-Rex Ultra Smart Watch,Amazfit,Standard Smartwatch,Luxury,59999,90000,30001,33.0,16.5,5.0,0,0,1,0,0,0,0,2026-01-16,1.0
T500 Plus Max Series 7 Smart Watch,Generic,Standard Smartwatch,Budget,1299,3499,2200,63.0,106.62,4.0,0,0,1,0,0,0,1,2026-01-16,1.0
Zero Ultra Rugged Defender,Zero,Sport/Outdoor Watch,Premium,9499,21449,11950,56.0,70.44,4.9,0,0,1,0,0,0,0,2026-01-16,1.0
Mibro Smart Watch T2,Generic,Standard Smartwatch,Premium,10799,17000,6201,36.0,20.67,5.0,0,0,1,0,0,0,0,2026-01-16,1.0
M7 pro smart watch,Generic,Standard Smartwatch,Mid-Range,2699,4300,1601,37.0,21.94,0.0,0,0,1,0,0,0,1,2026-01-16,1.0
Xcess Pulse Ultra Smart Watch,Generic,Standard Smartwatch,Premium,5999,10000,4001,40.0,26.67,0.0,0,0,1,0,0,0,0,2026-01-16,1.0
S8 Ultra Max Plus Smart Watch,Generic,Standard Smartwatch,Mid-Range,4099,5000,901,18.0,3.96,0.0,0,0,1,0,0,0,1,2026-01-16,1.0
Y80 Ultra 8 in 1 Smart watch,Generic,Standard Smartwatch,Budget,1799,6000,4201,70.0,163.37,4.5,0,0,8,0,0,0,0,2026-01-16,1.0
HW23 Mini Women Smart Watch with Double Straps,Generic,Ladies Smartwatch,Premium,5799,9000,3201,36.0,19.87,4.7,0,0,1,0,0,0,1,2026-01-16,1.0
Z10 Ultra 9 in1 Smart Watch,Generic,Standard Smartwatch,Budget,1499,4000,2501,63.0,105.04,0.0,0,0,9,0,0,0,1,2026-01-16,1.0
WS-Z9 Series 9 Smart watch,Generic,Standard Smartwatch,Mid-Range,3399,7000,3601,51.0,54.02,4.7,0,0,1,0,0,0,1,2026-01-16,1.0
Ladies Smart Watch Generation 9 Max,Generic,Ladies Smartwatch,Mid-Range,4599,7000,2401,34.0,17.75,5.0,0,0,1,0,0,0,1,2026-01-16,1.0
Kieslect Smart Calling Watch Ks Mini,Generic,Standard Smartwatch,Premium,7999,12000,4001,33.0,16.5,0.0,0,0,1,1,0,0,0,2026-01-16,1.0
Zero Meta Smart Watch,Zero,Standard Smartwatch,Premium,6499,14000,7501,54.0,62.32,4.7,0,0,1,0,0,0,0,2026-01-16,1.0
Huawei Watch Fit 3,Huawei,Fitness Band,Luxury,24399,49999,25600,51.0,53.51,5.0,0,0,1,0,0,0,0,2026-01-16,1.0
s9 max series 9 smart watch,Generic,Standard Smartwatch,Budget,1299,2850,1551,54.0,64.43,5.0,0,0,1,0,0,0,1,2026-01-16,1.0
Gen 14 Smart Watch,Generic,Standard Smartwatch,Premium,5099,5800,701,12.0,1.65,4.0,0,0,1,0,0,0,1,2026-01-16,1.0
L20 ULTRA 2 SMARTWATCH,Generic,Standard Smartwatch,Budget,1549,3000,1451,48.0,44.93,0.0,0,0,1,0,0,0,1,2026-01-16,1.0
I30 Pro max Suit Smart Watch with Earbuds,Generic,Smartwatch + Accessories,Mid-Range,2999,4500,1501,33.0,16.51,4.6,0,0,1,0,0,0,1,2026-01-16,1.0
Zero Glory Smartwatch,Zero,Standard Smartwatch,Premium,7999,24999,17000,68.0,144.5,4.3,0,0,1,0,0,0,1,2026-01-16,1.0
S9 Ultra 2 Gold Edition Smart Watch,Generic,Luxury Smartwatch,Mid-Range,2649,4000,1351,34.0,17.33,0.0,0,0,1,0,0,0,0,2026-01-16,1.0
Zero Royale SmartWatch,Zero,Standard Smartwatch,Premium,11999,31999,20000,63.0,105.0,4.4,0,0,1,0,0,0,1,2026-01-16,1.0
Apple Watch SE 44mm,Apple,Mid-Range Watch,Luxury,74999,90000,15001,17.0,3.4,0.0,0,0,1,0,0,0,1,2026-01-16,1.0
AK99 Round Shaped Smart Watch,Generic,Standard Smartwatch,Mid-Range,3499,6500,3001,46.0,39.44,0.0,0,0,1,0,0,0,1,2026-01-16,1.0
W6 Watch 6 Classic Smart Watch,Generic,Standard Smartwatch,Mid-Range,3399,8900,5501,62.0,100.31,3.0,0,0,1,0,0,0,0,2026-01-16,1.0
GW20 Smart Watch,Generic,Standard Smartwatch,Mid-Range,4149,8500,4351,51.0,53.47,0.0,0,0,1,0,0,0,1,2026-01-16,1.0
T1000 Ultra Series 9 Smart Watch,Generic,Standard Smartwatch,Budget,1599,4000,2401,60.0,90.04,0.0,0,0,1,0,0,0,1,2026-01-16,1.0
T5 Pro Round Sport Smart Watch,Generic,Sport/Outdoor Watch,Mid-Range,4499,10500,6001,57.0,76.01,0.0,0,0,1,0,0,0,1,2026-01-16,1.0
KW09 Ultra 2 Smart Watch,Generic,Standard Smartwatch,Mid-Range,2049,4000,1951,49.0,46.63,0.0,0,0,1,0,0,0,1,2026-01-16,1.0
V2 Ultra Smart Watch with 4 Straps,Generic,Standard Smartwatch,Mid-Range,2599,4500,1901,42.0,30.71,0.0,0,0,4,0,0,0,1,2026-01-16,1.0
Google Pixel Watch 2,Generic,Standard Smartwatch,Luxury,78299,120000,41701,35.0,18.64,0.0,0,0,1,0,0,0,1,2026-01-16,1.0
Crown 10 + 1 Ultra Smartwatch,Crown,Standard Smartwatch,Mid-Range,2399,4500,2101,47.0,41.14,0.0,0,0,1,0,0,0,0,2026-01-16,1.0
X90 Bluetooth Smart Watch,Generic,Standard Smartwatch,Budget,1699,4500,2801,62.0,102.15,5.0,0,0,1,0,0,0,1,2026-01-16,1.0
T900 Pro Max L Smart Watch Series 9,Generic,Standard Smartwatch,Budget,1399,3500,2101,60.0,90.04,3.0,0,0,1,0,0,0,1,2026-01-16,1.0
Ws02 Ultra 2 Smart Watch with 7 straps,Generic,Standard Smartwatch,Budget,1849,3900,2051,53.0,58.76,0.0,0,0,7,0,0,0,0,2026-01-16,1.0
Ws05 Ultra 2 Smart Watch With 7 Straps,Generic,Standard Smartwatch,Budget,1849,3900,2051,53.0,58.76,0.0,0,0,7,0,0,0,1,2026-01-16,1.0
Airox W2 Smart Calling Watch,Generic,Standard Smartwatch,Premium,6499,9999,3500,35.0,18.85,5.0,0,0,1,1,0,0,1,2026-01-16,1.0
I60 Suit Extreme 12in2 Two Dials With Earbuds,I60,Smartwatch + Accessories,Mid-Range,4999,10000,5001,50.0,50.01,0.0,0,0,1,0,0,0,1,2026-01-16,1.0
A59 Plus Luxury Smart Watch,Generic,Luxury Smartwatch,Mid-Range,2349,7000,4651,66.0,130.62,4.8,0,0,1,0,0,0,1,2026-01-16,1.0
TF16 PRO Rough Sport With Flash Light Smart Watch,Generic,Sport/Outdoor Watch,Mid-Range,2699,6000,3301,55.0,67.24,0.0,0,0,1,0,0,0,1,2026-01-16,1.0
Pro 9 max 2 in 1 Double Straps Smart Watch,Generic,Smartwatch + Accessories,Mid-Range,2799,7000,4201,60.0,90.02,0.0,0,0,2,0,0,0,0,2026-01-16,1.0
GT10 Round Dial Smart Watch 8 in 1 Straps,Generic,Standard Smartwatch,Mid-Range,2599,5500,2901,53.0,59.14,0.0,0,0,8,0,0,0,1,2026-01-16,1.0
Redmi Watch 5 Lite,Xiaomi,Standard Smartwatch,Premium,11699,15999,4300,27.0,9.92,4.8,0,0,1,0,0,0,1,2026-01-16,1.0
MT17S Rough Shock Sport Outdoor Smart Watch,Generic,Sport/Outdoor Watch,Premium,6299,12000,5701,48.0,43.44,0.0,0,0,1,0,0,0,0,2026-01-16,1.0
Xiaomi Smart Band 9 Active,Xiaomi,Fitness Band,Premium,6499,11999,5500,46.0,38.92,4.8,0,0,1,0,0,0,1,2026-01-16,1.0
Zero Crown Smartwatch,Zero,Standard Smartwatch,Premium,11999,29999,18000,60.0,90.0,4.8,0,0,1,0,0,0,1,2026-01-16,1.0
HiFuture Ultra 2 Pro Calling Smartwatch,Generic,Standard Smartwatch,Premium,13199,18000,4801,27.0,9.82,0.0,0,0,1,1,0,0,1,2026-01-16,1.0
HiFuture FutureGo Mix2 Rugged Calling Smartwatch,Generic,Sport/Outdoor Watch,Luxury,19499,25000,5501,22.0,6.21,0.0,0,0,1,1,0,0,1,2026-01-16,1.0
HiFuture Aura Genius Lady Smart Watch,Generic,Standard Smartwatch,Luxury,15599,21000,5401,26.0,9.0,0.0,0,0,1,0,0,0,0,2026-01-16,1.0
HiFuture Ultra3 Pro Smart Watch,Generic,Standard Smartwatch,Luxury,23299,25000,1701,7.0,0.51,0.0,0,0,1,0,0,0,0,2026-01-16,1.0
I70 Suit 9 in 1 Combination Smart Watch,Generic,Smartwatch + Accessories,Mid-Range,4799,8000,3201,40.0,26.68,5.0,0,0,9,0,0,0,1,2026-01-16,1.0
H9 Pro Max Smart Watch,Generic,Standard Smartwatch,Budget,1799,3000,1201,40.0,26.69,5.0,0,0,1,0,0,0,1,2026-01-16,1.0
S9 Max Ultra Smart Watch,Generic,Standard Smartwatch,Budget,1999,3000,1001,33.0,16.52,0.0,0,0,1,0,0,0,1,2026-01-16,1.0
ACE-280 Extreme Suite Dual Dials And Dual Earbuds Smart Watch,Generic,Smartwatch + Accessories,Premium,6799,10000,3201,32.0,15.06,0.0,0,0,1,0,0,0,0,2026-01-16,1.0
GS Series 10 AMOLED Smart Watch,Generic,Standard Smartwatch,Mid-Range,4499,9000,4501,50.0,50.01,0.0,0,0,1,0,1,0,1,2026-01-16,1.0
ZERO Jaguar Smart Watch,Zero,Standard Smartwatch,Premium,6999,22999,16000,70.0,160.0,5.0,0,0,1,0,0,0,1,2026-01-16,1.0
SR10 Series 10 Apple Logo Smart Watch,Apple,Standard Smartwatch,Mid-Range,2399,6000,3601,60.0,90.02,0.0,0,0,1,0,0,0,1,2026-01-16,1.0
HD9 Pro Amoled Screen Smart Watch,Generic,Standard Smartwatch,Mid-Range,4299,7000,2701,39.0,24.5,0.0,0,0,1,0,1,0,1,2026-01-16,1.0
Blaktron Storm S1 Smart Watch,Generic,Standard Smartwatch,Mid-Range,3699,9999,6300,63.0,107.27,0.0,0,0,1,0,0,0,1,2026-01-16,1.0
Blaktron Storm S2 Smart Watch,Generic,Standard Smartwatch,Premium,5799,9999,4200,42.0,30.41,0.0,0,0,1,0,0,0,0,2026-01-16,1.0
S7 Ultra Smart Watch,Generic,Standard Smartwatch,Budget,1899,4000,2101,53.0,58.61,5.0,0,0,1,0,0,0,1,2026-01-16,1.0
Infinix XWatch H4 Smart Watch XW4L,Generic,Standard Smartwatch,Mid-Range,3799,7999,4200,53.0,58.58,0.0,0,0,1,0,0,0,1,2026-01-16,1.0
Okpu D96 Plus Smart Watch With Mini Fan Earphone Watch,Generic,Standard Smartwatch,Mid-Range,3099,6000,2901,48.0,44.92,0.0,0,0,1,0,0,0,1,2026-01-16,1.0
C9 Pro Double Straps Smart Watch,Generic,Standard Smartwatch,Budget,1899,3699,1800,49.0,46.42,0.0,0,0,1,0,0,0,1,2026-01-16,1.0
TF7 Ultra Seven Straps Smart Watch,Generic,Standard Smartwatch,Mid-Range,2399,5576,3177,57.0,75.45,0.0,0,0,1,0,0,0,0,2026-01-16,1.0
D29 Mini Ladies Smart Watch,Generic,Ladies Smartwatch,Mid-Range,2599,5000,2401,48.0,44.33,0.0,0,0,1,0,0,0,0,2026-01-16,1.0
Crown S300 7+1+1 Smart Watch with Earbuds,Crown,Smartwatch + Accessories,Mid-Range,2299,6000,3701,62.0,99.77,0.0,0,0,7,0,0,0,1,2026-01-16,1.0
S1000 Pro 7+1 Series 10 Smart Watch,Generic,Standard Smartwatch,Budget,1549,3999,2450,61.0,96.42,5.0,0,0,7,0,0,0,1,2026-01-16,1.0
Watch 10 Max Double Straps Smart Watch,Generic,Standard Smartwatch,Budget,1649,3799,2150,57.0,74.27,0.0,0,0,1,0,0,0,0,2026-01-16,1.0
TX10 Pro Max Smart Watch,Generic,Standard Smartwatch,Budget,1599,3499,1900,54.0,64.12,3.0,0,0,1,0,0,0,1,2026-01-16,1.0
W34 Plus Smartwatch,Generic,Standard Smartwatch,Budget,1899,4000,2101,53.0,58.61,0.0,0,0,1,0,0,0,1,2026-01-16,1.0
Crown AZ100 ( 7+1 ) Smart Watch,Crown,Standard Smartwatch,Budget,1699,3299,1600,48.0,45.18,0.0,0,0,7,0,0,0,0,2026-01-16,1.0
V16 Pro Max ( 7+1 ) Smart Watch,Generic,Standard Smartwatch,Budget,1899,4000,2101,53.0,58.61,0.0,0,0,7,0,0,0,1,2026-01-16,1.0
S1000 Pro Max ( 7+2 ) Smart Watch,Generic,Standard Smartwatch,Mid-Range,2299,4999,2700,54.0,63.39,0.0,0,0,1,0,0,0,1,2026-01-16,1.0
Samsung Watch 8 40mm,Samsung,Premium Watch,Luxury,62499,109999,47500,43.0,32.68,0.0,0,0,1,0,0,0,1,2026-01-16,1.0
MK-X20 Series 10 ( 7 in 1 ) Smart Watch,Generic,Standard Smartwatch,Budget,1799,3000,1201,40.0,26.69,0.0,0,0,7,0,0,0,1,2026-01-16,1.0
GT16 Dual Straps Smart Watch,Generic,Standard Smartwatch,Budget,1849,3100,1251,40.0,27.05,0.0,0,0,1,0,0,0,0,2026-01-16,1.0
Nothing CMF Watch 3 Pro,Generic,Standard Smartwatch,Luxury,25499,53000,27501,52.0,56.08,5.0,0,0,1,0,0,0,1,2026-01-16,1.0
Huawei Watch Gt6 Pro,Huawei,Standard Smartwatch,Luxury,79999,150000,70001,47.0,41.13,0.0,0,0,1,0,0,0,0,2026-01-16,1.0
Samsung Galaxy Watch 8 Classic (1 Year Brand Warranty),Samsung,Premium Watch,Luxury,99999,119699,19700,16.0,3.15,0.0,0,0,1,0,0,0,0,2026-01-16,1.0
Login L-106 Rover Smart Watch,Login,Standard Smartwatch,Premium,7999,11999,4000,33.0,16.5,0.0,0,0,1,0,0,0,1,2026-01-16,1.0
Login L-108 Royal Smart Watch,Login,Standard Smartwatch,Premium,11799,17999,6200,34.0,17.86,0.0,0,0,1,0,0,0,0,2026-01-16,1.0
Amaya ASW-01 Smart Watch,Generic,Standard Smartwatch,Premium,9839,12300,2461,20.0,5.0,0.0,0,0,1,0,0,0,0,2026-01-16,1.0
IW8 Ultra Series 8 Smart Watch,Generic,Standard Smartwatch,Mid-Range,4199,6200,2001,32.0,15.25,0.0,0,0,1,0,0,0,0,2026-01-16,1.0
G9 Ultra Pro Smartwatch,Generic,Standard Smartwatch,Mid-Range,2699,7200,4501,63.0,105.02,4.8,0,0,1,0,0,0,1,2026-01-16,1.0
Dany Thunder Smart Watch,Generic,Standard Smartwatch,Premium,8999,19999,11000,55.0,67.22,4.8,0,0,1,0,0,0,1,2026-01-16,1.0
BW8 Ultra Smart Watch,Generic,Standard Smartwatch,Mid-Range,4499,5900,1401,24.0,7.47,0.0,0,0,1,0,0,0,0,2026-01-16,1.0
W&O X9 Ultra Smart Watch,Generic,Standard Smartwatch,Mid-Range,3749,8000,4251,53.0,60.08,0.0,0,0,1,0,0,0,0,2026-01-16,1.0
W&O X9 Pro Smart Watch,Generic,Standard Smartwatch,Mid-Range,4149,8000,3851,48.0,44.54,0.0,0,0,1,0,0,0,0,2026-01-16,1.0
H20 8 Ultra Smart Watch,Generic,Standard Smartwatch,Mid-Range,2099,8500,6401,75.0,228.61,0.0,0,0,1,0,0,0,1,2026-01-16,1.0
Zero Matrix Pro Amoled Smart Watch,Zero,Standard Smartwatch,Premium,12999,29999,17000,57.0,74.54,4.0,0,0,1,0,1,0,1,2026-01-16,1.0
Z87 Ultra Smart Watch,Generic,Standard Smartwatch,Mid-Range,4199,6000,1801,30.0,12.86,0.0,0,0,1,0,0,0,1,2026-01-16,1.0
TS Ultra 2 Smart Watch,Generic,Standard Smartwatch,Mid-Range,2599,4000,1401,35.0,18.86,0.0,0,0,1,0,0,0,1,2026-01-16,1.0
Ts9 Pro Max Series 9 Smart Watch,Generic,Standard Smartwatch,Mid-Range,3249,8000,4751,59.0,86.25,4.7,0,0,1,0,0,0,1,2026-01-16,1.0
Jx8 Ultra Smart Watch,Generic,Standard Smartwatch,Mid-Range,2799,6500,3701,57.0,75.34,0.0,0,0,1,0,0,0,1,2026-01-16,1.0
OP88 Smart Watch,Generic,Standard Smartwatch,Mid-Range,3499,8000,4501,56.0,72.02,0.0,0,0,1,0,0,0,1,2026-01-16,1.0
Z86 Pro Max Smart Island Watch With 3 Straps,Generic,Standard Smartwatch,Mid-Range,3499,5800,2301,40.0,26.3,4.5,0,0,3,0,0,0,1,2026-01-16,1.0
Z80 PRO Bluetooth Calling Watch With 2 Strap,Generic,Standard Smartwatch,Mid-Range,3099,6000,2901,48.0,44.92,0.0,0,0,2,1,0,0,1,2026-01-16,1.0
SYSKA Astro SW280 Round Dial Smart Watch,Generic,Standard Smartwatch,Mid-Range,3799,7500,3701,49.0,47.72,5.0,0,0,1,0,0,0,1,2026-01-16,1.0
Ws13 Max Smart Watch,Generic,Standard Smartwatch,Mid-Range,3549,5000,1451,29.0,11.85,0.0,0,0,1,0,0,0,1,2026-01-16,1.0
Dizo Watch D by Realme TechLife,Generic,Standard Smartwatch,Premium,7499,8999,1500,17.0,3.4,0.0,0,0,1,0,0,0,0,2026-01-16,1.0
HUAWEI Band 9,Huawei,Fitness Band,Premium,8399,20000,11601,58.0,80.1,4.8,0,0,1,0,0,0,1,2026-01-16,1.0
M4 LED Sports Watch Smart Band,Generic,Fitness Band,Budget,1049,1800,751,42.0,30.04,4.7,0,0,1,0,0,0,1,2026-01-16,1.0
Y200 Smart Watch,Generic,Standard Smartwatch,Premium,5299,8000,2701,34.0,17.33,0.0,0,0,1,0,0,0,0,2026-01-16,1.0
HY Ultra2 Smart Watch,Generic,Standard Smartwatch,Mid-Range,2549,3450,901,26.0,9.19,0.0,0,0,1,0,0,0,1,2026-01-16,1.0
V200 Ultra Smartwatch,Generic,Standard Smartwatch,Mid-Range,2699,4000,1301,33.0,15.9,0.0,0,0,1,0,0,0,1,2026-01-16,1.0
L23 series 9 Smart watch,Generic,Standard Smartwatch,Budget,1699,3000,1301,43.0,32.91,0.0,0,0,1,0,0,0,1,2026-01-16,1.0
JS3 Cyber Smartwatch,Generic,Standard Smartwatch,Premium,5798,6500,702,11.0,1.33,0.0,0,0,1,0,0,0,1,2026-01-16,1.0
Z97 Mini series 9 4 in 1 smart watch,Generic,Standard Smartwatch,Mid-Range,3299,5000,1701,34.0,17.53,5.0,0,0,4,0,0,0,1,2026-01-16,1.0
Ultra 2 12+1 Smart Watch,Generic,Standard Smartwatch,Mid-Range,2599,6000,3401,57.0,74.56,0.0,0,0,12,0,0,0,1,2026-01-16,1.0
S10 Pro Max 7 in 1 Smart Watch,Generic,Standard Smartwatch,Budget,1799,4000,2201,55.0,67.25,0.0,0,0,7,0,0,0,1,2026-01-16,1.0
Amazfit Pop 3S,Amazfit,Standard Smartwatch,Premium,10999,25000,14001,56.0,71.28,4.7,0,0,1,0,0,0,1,2026-01-16,1.0
Itel O41 Smart Watch,Generic,Standard Smartwatch,Premium,6249,13999,7750,55.0,68.2,4.8,0,0,1,0,0,0,1,2026-01-16,1.0
Series 9 HD81 Max smart watch 3 in 1 straps,Generic,Standard Smartwatch,Budget,1599,2900,1301,45.0,36.59,4.0,0,0,3,0,0,0,1,2026-01-16,1.0
D500 Series 9 Smart Watch 10in1,Generic,Standard Smartwatch,Mid-Range,3199,5000,1801,36.0,20.26,0.0,0,0,10,0,0,0,0,2026-01-16,1.0
H10 MINI Smart Watch,Generic,Standard Smartwatch,Mid-Range,3499,6500,3001,46.0,39.44,0.0,0,0,1,0,0,0,0,2026-01-16,1.0
WS03 Ultra 2 Smartwatch with 7 Straps,Generic,Standard Smartwatch,Budget,1849,3500,1651,47.0,41.94,0.0,0,0,7,0,0,0,1,2026-01-16,1.0
N9 Max Smart Watch,Generic,Standard Smartwatch,Mid-Range,2299,5000,2701,54.0,63.41,0.0,0,0,1,0,0,0,0,2026-01-16,1.0
H6 lexafit Smart Watch Series 9,Generic,Standard Smartwatch,Budget,1799,4000,2201,55.0,67.25,0.0,0,0,1,0,0,0,1,2026-01-16,1.0
T2 Pro Smart Watch,Generic,Standard Smartwatch,Mid-Range,3399,6900,3501,51.0,52.52,0.0,0,0,1,0,0,0,1,2026-01-16,1.0
KW5 Ultra 2 Smart Watch,Generic,Standard Smartwatch,Mid-Range,2299,5500,3201,58.0,80.72,5.0,0,0,1,0,0,0,0,2026-01-16,1.0
GS8+ Ultra Bluetooth Calling Watch,Generic,Standard Smartwatch,Premium,5799,8500,2701,32.0,14.9,0.0,0,0,1,1,0,0,0,2026-01-16,1.0
DT8 Ultra Bluetooth Calling Watch Series 8 49MM,Generic,Standard Smartwatch,Premium,5999,8000,2001,25.0,8.34,5.0,0,0,1,1,0,0,1,2026-01-16,1.0
T800 Ultra Smart Watch,Generic,Standard Smartwatch,Budget,1249,3299,2050,62.0,101.68,4.8,0,0,1,0,0,0,1,2026-01-16,1.0
Apple Logo Watch 8 Ultra,Apple,Standard Smartwatch,Premium,5249,7499,2250,30.0,12.86,0.0,0,0,1,0,0,0,1,2026-01-16,1.0
BML Ultra Max Smart Watch,Generic,Standard Smartwatch,Mid-Range,4499,5999,1500,25.0,8.33,0.0,0,0,1,0,0,0,1,2026-01-16,1.0
LOGIN LT-W8 Business Smartwatch,Login,Standard Smartwatch,Premium,6299,7499,1200,16.0,3.05,0.0,0,0,1,0,0,0,1,2026-01-16,1.0
D20 Ultra Smart Band,Generic,Fitness Band,Budget,1249,1999,750,38.0,22.8,4.8,0,0,1,0,0,0,1,2026-01-16,1.0
Z76 Ultra SmartWatch 49mm,Generic,Standard Smartwatch,Mid-Range,3399,6000,2601,43.0,32.9,5.0,0,0,1,0,0,0,0,2026-01-16,1.0
I8 Ultra Max Smart Watch,Generic,Standard Smartwatch,Budget,1179,2800,1621,58.0,79.68,4.4,0,0,1,0,0,0,1,2026-01-16,1.0
HOTTU HOT10 Pulse Smart Watch,Generic,Standard Smartwatch,Premium,7949,9000,1051,12.0,1.59,0.0,0,0,1,0,0,0,1,2026-01-16,1.0
Dany D-Force Smart Watch,Generic,Standard Smartwatch,Premium,7999,20999,13000,62.0,100.75,5.0,0,0,1,0,0,0,1,2026-01-16,1.0
i9 Ultra Max Smart Watch,Generic,Standard Smartwatch,Budget,1299,5000,3701,74.0,210.67,4.8,0,0,1,0,0,0,1,2026-01-16,1.0
ZK8 Pro Max Ultra Smart Watch,Generic,Standard Smartwatch,Premium,7199,8500,1301,15.0,2.71,0.0,0,0,1,0,0,0,0,2026-01-16,1.0
Q Smart Watch,Generic,Standard Smartwatch,Mid-Range,3799,7999,4200,53.0,58.58,5.0,0,0,1,0,0,0,0,2026-01-16,1.0
D18 Smart Watch,Generic,Standard Smartwatch,Budget,999,2000,1001,50.0,50.05,4.8,0,0,1,0,0,0,1,2026-01-16,1.0
Zero Ignite Smart Watch,Zero,Standard Smartwatch,Mid-Range,4949,19999,15050,75.0,228.03,4.9,0,0,1,0,0,0,1,2026-01-16,1.0
GS Ultra 2 Amoled SmartWatch,Generic,Standard Smartwatch,Mid-Range,4499,10999,6500,59.0,85.22,5.0,0,0,1,0,1,0,1,2026-01-16,1.0
S100 Pro Max Smart Watch With 4 Straps,Generic,Standard Smartwatch,Mid-Range,3399,5800,2401,41.0,28.95,5.0,0,0,4,0,0,0,1,2026-01-16,1.0
Zero Spark Smart Watch,Zero,Standard Smartwatch,Premium,6999,21499,14500,67.0,138.79,4.0,0,0,1,0,0,0,1,2026-01-16,1.0
Zero Nova Smart Watch,Zero,Standard Smartwatch,Premium,6999,23499,16500,70.0,165.0,5.0,0,0,1,0,0,0,1,2026-01-16,1.0
Watch 9 Max Smart Watch,Generic,Standard Smartwatch,Budget,1699,4000,2301,58.0,78.5,4.6,0,0,1,0,0,0,1,2026-01-16,1.0
HW69 Ultra 2 SmartWatch Amoled,Generic,Standard Smartwatch,Mid-Range,4499,8500,4001,47.0,41.79,0.0,0,0,1,0,1,0,0,2026-01-16,1.0
HW13 Mini Smartwatch with 2 Straps,Generic,Standard Smartwatch,Premium,5799,8000,2201,28.0,10.63,0.0,0,0,2,0,0,0,1,2026-01-16,1.0
G-Tide SmartWatch Anita,Generic,Standard Smartwatch,Premium,6399,12000,5601,47.0,41.13,0.0,0,0,1,0,0,0,0,2026-01-16,1.0
WS900 Max Smart Watch,Generic,Standard Smartwatch,Mid-Range,3199,4000,801,20.0,5.01,5.0,0,0,1,0,0,0,1,2026-01-16,1.0
WS91 Max Smartwatch,Generic,Standard Smartwatch,Mid-Range,2499,6000,3501,58.0,81.22,0.0,0,0,1,0,0,0,1,2026-01-16,1.0
Dizo Watch Pro by Realme TechLife,Generic,Standard Smartwatch,Premium,12999,14999,2000,13.0,2.0,0.0,0,0,1,0,0,0,0,2026-01-16,1.0
Dizo Watch R Talk Go Smart Watch by Realme TechLife,Generic,Standard Smartwatch,Premium,12499,14999,2500,17.0,3.4,0.0,0,0,1,0,0,0,0,2026-01-16,1.0
Dany Evolution Smart Watch,Generic,Standard Smartwatch,Premium,11999,29999,18000,60.0,90.0,0.0,0,0,1,0,0,0,1,2026-01-16,1.0
T10 Ultra 2 Smartwatch,Generic,Standard Smartwatch,Budget,1299,3500,2201,63.0,106.66,4.9,0,0,1,0,0,0,1,2026-01-16,1.0
T20 Ultra2 With 4 Strap Series 9,Generic,Standard Smartwatch,Budget,1449,4000,2551,64.0,112.6,4.6,0,0,4,0,0,0,1,2026-01-16,1.0
Zero Delta Smartwatch,Zero,Standard Smartwatch,Premium,8999,29999,21000,70.0,163.33,5.0,0,0,1,0,0,0,0,2026-01-16,1.0
i10 Ultra Max Smart Watch,Generic,Standard Smartwatch,Budget,1399,2400,1001,42.0,30.03,5.0,0,0,1,0,0,0,1,2026-01-16,1.0
Z81 Pro Max Smart Watch,Generic,Standard Smartwatch,Mid-Range,3299,4500,1201,27.0,9.83,5.0,0,0,1,0,0,0,1,2026-01-16,1.0
KW19 max Smart Watch,Generic,Standard Smartwatch,Mid-Range,2599,3300,701,21.0,5.66,5.0,0,0,1,0,0,0,0,2026-01-16,1.0
D20 Bluetooth Smart Band,Generic,Fitness Band,Budget,849,1750,901,51.0,54.06,3.7,0,0,1,0,0,0,1,2026-01-16,1.0
ULTRA 12+1 Smartwatch,Generic,Standard Smartwatch,Mid-Range,2999,4500,1501,33.0,16.51,0.0,0,0,12,0,0,0,1,2026-01-16,1.0
Fendior S300 Ultra 2 7 Straps Smart Watch,Generic,Standard Smartwatch,Mid-Range,2499,4600,2101,46.0,38.66,0.0,0,0,7,0,0,0,1,2026-01-16,1.0
Ultra 9 Watch 7 in 1 strap smart watch,Generic,Standard Smartwatch,Mid-Range,2599,3500,901,26.0,9.01,0.0,0,0,7,0,0,0,1,2026-01-16,1.0
T30 ultra 2 Smart watch,Generic,Standard Smartwatch,Budget,1699,3000,1301,43.0,32.91,0.0,0,0,1,0,0,0,1,2026-01-16,1.0
"7 in 2 Crown Smart Watch with 7 Straps, 2 Watches (S9 & Ultra 2), Wireless Charger",Crown,Standard Smartwatch,Mid-Range,3049,5000,1951,39.0,24.95,4.9,0,0,7,0,0,0,0,2026-01-16,1.0
Crown 9+1 Ultra 2 Smart Watch,Crown,Standard Smartwatch,Mid-Range,2699,4000,1301,33.0,15.9,0.0,0,0,9,0,0,0,1,2026-01-16,1.0
D9 watch 4 pro 7 strap smart watch,Generic,Standard Smartwatch,Mid-Range,4299,5000,701,14.0,2.28,5.0,0,0,7,0,0,0,0,2026-01-16,1.0
Ultra 9 7in 1 with earbuds smart watch,Generic,Smartwatch + Accessories,Mid-Range,2999,5000,2001,40.0,26.68,0.0,0,0,7,0,0,0,1,2026-01-16,1.0
i90 Ultra 2 MAX SUIT 10 in 1 Smart Watch,Generic,Smartwatch + Accessories,Mid-Range,2799,4500,1701,38.0,23.08,5.0,0,0,10,0,0,0,1,2026-01-16,1.0
USE ULTRA 12 7+1 SMART WATCH,Generic,Standard Smartwatch,Mid-Range,2699,3000,301,10.0,1.11,0.0,0,0,7,0,0,0,0,2026-01-16,1.0
Gen 18 Luxury Gold Smart Watch,Generic,Luxury Smartwatch,Mid-Range,4599,8300,3701,45.0,36.21,0.0,0,0,1,0,0,0,0,2026-01-16,1.0
Watch 4 pro Luxury Gold Round dial Smart Watch,Generic,Luxury Smartwatch,Mid-Range,2999,5000,2001,40.0,26.68,0.0,0,0,1,0,0,0,1,2026-01-16,1.0
X90 ULTRA 2 MAX Golden Smart Watch,Generic,Luxury Smartwatch,Mid-Range,2499,5000,2501,50.0,50.02,0.0,0,0,1,0,0,0,1,2026-01-16,1.0
C9 Ultra Max Gold Edition Color Smartwatch,Generic,Luxury Smartwatch,Mid-Range,2499,5000,2501,50.0,50.02,0.0,0,0,1,0,0,0,0,2026-01-16,1.0
J30 Ultra 2 Smart Watch,Generic,Standard Smartwatch,Mid-Range,2199,3900,1701,44.0,34.02,0.0,0,0,1,0,0,0,1,2026-01-16,1.0
D100 ultra smart watch 2 in 1,Generic,Smartwatch + Accessories,Mid-Range,2699,5500,2801,51.0,52.91,0.0,0,0,2,0,0,0,0,2026-01-16,1.0
D20 Ultra 2 + S9 Smartwatch With 7 Straps,Generic,Standard Smartwatch,Mid-Range,3899,7000,3101,44.0,34.99,0.0,0,0,7,0,0,0,1,2026-01-16,1.0
HW Zero Smart Watch Men Smartwatch,Zero,Standard Smartwatch,Mid-Range,4499,8900,4401,49.0,47.92,0.0,0,0,1,0,0,0,1,2026-01-16,1.0
GEN 19 Smartwatch Amoled Display Smart Watch,Generic,Standard Smartwatch,Mid-Range,3999,7500,3501,47.0,41.14,0.0,0,0,1,0,1,0,1,2026-01-16,1.0
Gen 16 Smartwatch,Generic,Standard Smartwatch,Mid-Range,4599,8200,3601,44.0,34.44,0.0,0,0,1,0,0,0,1,2026-01-16,1.0
X10 Ultra 3 Smartwatch Curved Screen,Generic,Standard Smartwatch,Mid-Range,4199,8500,4301,51.0,52.23,0.0,0,0,1,0,0,0,0,2026-01-16,1.0
Huawei Watch Fit 3 With one Year Brand Warranty,Huawei,Fitness Band,Luxury,27899,35000,7101,20.0,5.09,4.5,0,0,1,0,0,0,1,2026-01-16,1.0
V22 Max Smart Watch with 14 Straps,Generic,Standard Smartwatch,Mid-Range,3199,6700,3501,52.0,56.89,0.0,0,0,14,0,0,0,0,2026-01-16,1.0
HW12 Pro 3 AMOLED Display Series 10 Smart Watch,Generic,Standard Smartwatch,Mid-Range,4799,9000,4201,47.0,41.13,5.0,0,0,1,0,1,0,1,2026-01-16,1.0
Dany Boss Smartwatch,Generic,Standard Smartwatch,Premium,8999,18999,10000,53.0,58.89,5.0,0,0,1,0,0,0,0,2026-01-16,1.0
Tk706 Ultra Smart Watch With Headphone,Generic,Smartwatch + Accessories,Mid-Range,2999,6000,3001,50.0,50.02,0.0,0,0,1,0,0,0,0,2026-01-16,1.0
Gen22 Ladies Diamond Luxury Smart Watch,Generic,Ladies Smartwatch,Mid-Range,3299,8000,4701,59.0,84.05,0.0,0,0,1,0,0,0,1,2026-01-16,1.0
TN88 Pro Amoled Ultra Thin Dial Super Luxury Smart Watch,Generic,Luxury Smartwatch,Premium,7999,17000,9001,53.0,59.63,5.0,0,0,1,0,1,0,1,2026-01-16,1.0
Apple Watch Ultra 2 (2024) 49mm,Apple,Premium Watch,Luxury,227999,280000,52001,19.0,4.33,0.0,0,0,1,0,0,0,0,2026-01-16,1.0
I80 Suite Double Dials 7 Straps Smart Watch With Earbuds,Generic,Smartwatch + Accessories,Mid-Range,4999,10000,5001,50.0,50.01,5.0,0,0,7,0,0,0,1,2026-01-16,1.0
D92 Watch 5 Pro Smart Watch With 3 Straps and Earbuds,Generic,Smartwatch + Accessories,Mid-Range,3999,6000,2001,33.0,16.51,0.0,0,0,3,0,0,0,1,2026-01-16,1.0
D33 Watch 5 Pro 2 in 1 With TWS Earbuds Smart Watch,Generic,Smartwatch + Accessories,Mid-Range,3599,5500,1901,35.0,18.48,0.0,0,0,2,0,0,0,0,2026-01-16,1.0
HiFuture APEX AMOLED Display Smartwatch,Generic,Standard Smartwatch,Luxury,25299,28000,2701,10.0,1.07,0.0,0,0,1,0,1,0,0,2026-01-16,1.0
Hw X PRO Series 10 Smart Watch,Generic,Standard Smartwatch,Mid-Range,3999,7000,3001,43.0,32.26,0.0,0,0,1,0,0,0,1,2026-01-16,1.0
Zero Revoltt Pro Smart Watch,Zero,Standard Smartwatch,Premium,11299,29999,18700,62.0,102.6,4.6,0,0,1,0,0,0,1,2026-01-16,1.0
HD10 Mini Smart Watch With 3 Straps,Generic,Standard Smartwatch,Mid-Range,2249,5000,2751,55.0,67.25,0.0,0,0,3,0,0,0,1,2026-01-16,1.0
Infinix XW3GT Smart Watch,Generic,Standard Smartwatch,Premium,5999,15000,9001,60.0,90.01,5.0,0,0,1,0,0,0,1,2026-01-16,1.0
Q11 Rough LED Flashlight Smart Watch,Generic,Sport/Outdoor Watch,Budget,1849,3000,1151,38.0,23.64,5.0,0,0,1,0,0,0,1,2026-01-16,1.0
T-Watch X Max Series 10 Smart Watch With 7 Straps,Generic,Standard Smartwatch,Budget,1849,4000,2151,54.0,62.79,0.0,0,0,7,0,0,0,1,2026-01-16,1.0
Xiaomi Redmi Watch 5,Xiaomi,Standard Smartwatch,Luxury,22499,29999,7500,25.0,8.33,5.0,0,0,1,0,0,0,1,2026-01-16,1.0
Blaktron Halo T2 Smart Watch,Generic,Standard Smartwatch,Premium,8449,9730,1281,13.0,1.97,0.0,0,0,1,0,0,0,0,2026-01-16,1.0
Fitbit Charge 5 Smart Watch,Fitbit,Standard Smartwatch,Luxury,42799,49999,7200,14.0,2.36,0.0,0,0,1,0,0,0,1,2026-01-16,1.0
Infinix XW3P Smart Watch,Generic,Standard Smartwatch,Premium,8699,12999,4300,33.0,16.31,0.0,0,0,1,0,0,0,0,2026-01-16,1.0
GT7 Ultra Smart Watch,Generic,Standard Smartwatch,Budget,1899,3999,2100,53.0,58.58,0.0,0,0,1,0,0,0,1,2026-01-16,1.0
M9 Smart Band,Generic,Fitness Band,Budget,1149,2500,1351,54.0,63.44,3.0,0,0,1,0,0,0,1,2026-01-16,1.0
EZ Max-5 Ultra 2 Smart Watch with earbuds and 7 straps,Generic,Smartwatch + Accessories,Mid-Range,2549,5000,2451,49.0,47.1,0.0,0,0,7,0,0,0,1,2026-01-16,1.0
Xiaomi Mi Band 10,Xiaomi,Fitness Band,Premium,11999,17000,5001,29.0,12.09,5.0,0,0,1,0,0,0,1,2026-01-16,1.0
D79 Mini Ladies Smart Watch,Generic,Ladies Smartwatch,Mid-Range,3599,7000,3401,49.0,46.29,0.0,0,0,1,0,0,0,0,2026-01-16,1.0
Series X 7 in 1 Smart Watch,Generic,Standard Smartwatch,Budget,1799,3499,1700,49.0,46.28,0.0,0,0,7,0,0,0,1,2026-01-16,1.0
S30 Pro max Series 10 (7 in 1) Smart Watch,Generic,Standard Smartwatch,Budget,1799,3599,1800,50.0,50.0,5.0,0,0,7,0,0,0,1,2026-01-16,1.0
HG100 Ultra 3 ( 7+1 ) Smart Watch,Generic,Standard Smartwatch,Budget,1749,3899,2150,55.0,67.57,0.0,0,0,7,0,0,0,0,2026-01-16,1.0
TechPlus Fashion Smart Watch,Generic,Standard Smartwatch,Premium,5999,5999,0,0.0,0.0,0.0,0,0,1,0,0,0,1,2026-01-16,1.0
KW25 Max Series 10 ( 3+1 ) Smart Watch,Generic,Standard Smartwatch,Budget,1649,2700,1051,39.0,24.84,0.0,0,0,3,0,0,0,0,2026-01-16,1.0
AZ300 Ultra 2 ( 7 in 1 ) Smart Watch,Generic,Standard Smartwatch,Budget,1649,2700,1051,39.0,24.84,0.0,0,0,7,0,0,0,1,2026-01-16,1.0
U10 Plus Series 10 ( 7 in 1 ) Smart Watch,Generic,Standard Smartwatch,Budget,1599,2600,1001,39.0,24.4,0.0,0,0,7,0,0,0,1,2026-01-16,1.0
HW X MAX+ Smart Watch,Generic,Standard Smartwatch,Mid-Range,4999,9400,4401,47.0,41.37,0.0,0,0,1,0,0,0,0,2026-01-16,1.0
P9 Series 10 Smart Watch,Generic,Standard Smartwatch,Mid-Range,2499,4200,1701,41.0,27.9,5.0,0,0,1,0,0,0,1,2026-01-16,1.0
HG06 Series 10 ( 7 in 1 ) Smart Watch,Generic,Standard Smartwatch,Budget,1599,3000,1401,47.0,41.15,0.0,0,0,7,0,0,0,1,2026-01-16,1.0
Oraimo OSW-814 Watch Nova 2,Generic,Standard Smartwatch,Premium,8999,11999,3000,25.0,8.33,0.0,0,0,1,0,0,0,0,2026-01-16,1.0
Login L-103 Gentlemen Smart Watch,Login,Standard Smartwatch,Premium,9499,19999,10500,53.0,58.58,0.0,0,0,1,0,0,0,1,2026-01-16,1.0
Login L-110 Enigma Diva Smart Watch,Login,Standard Smartwatch,Premium,10499,13999,3500,25.0,8.33,0.0,0,0,1,0,0,0,1,2026-01-16,1.0
HW9 Pro Max Smart Watch (3 Straps in 1),Generic,Standard Smartwatch,Premium,6399,8000,1601,20.0,5.0,0.0,0,0,3,0,0,0,1,2026-01-16,1.0
GW8 Ultra Smart Watch 49mm,Generic,Standard Smartwatch,Mid-Range,4499,5700,1201,21.0,5.6,0.0,0,0,1,0,0,0,1,2026-01-16,1.0
Oale Le Smart Watch,Generic,Standard Smartwatch,Premium,5199,6400,1201,19.0,4.39,0.0,0,0,1,0,0,0,0,2026-01-16,1.0
Z69 Ultra Smart Watch With 2 Straps,Generic,Standard Smartwatch,Mid-Range,4799,7000,2201,31.0,14.21,0.0,0,0,2,0,0,0,0,2026-01-16,1.0
TG58 Ultra Apple Logo Smart Watch,Apple,Standard Smartwatch,Mid-Range,3999,5999,2000,33.0,16.5,4.0,0,0,1,0,0,0,1,2026-01-16,1.0
Zero Revoltt Smart Watch,Zero,Standard Smartwatch,Premium,9999,29999,20000,67.0,134.0,4.9,0,0,1,0,0,0,1,2026-01-16,1.0
FAYWA WATCH PRO SMARTWATCH,Generic,Standard Smartwatch,Premium,5599,10000,4401,44.0,34.58,0.0,0,0,1,0,0,0,0,2026-01-16,1.0
S9 Ultra Smart Watch 3 Straps,Generic,Standard Smartwatch,Budget,1579,5000,3421,68.0,147.23,4.8,0,0,3,0,0,0,1,2026-01-16,1.0
Y60 Smart watch with 7 Straps,Generic,Standard Smartwatch,Budget,1699,8000,6301,79.0,292.81,4.4,0,0,7,0,0,0,1,2026-01-16,1.0
T900 Pro Max Smart watch,Generic,Standard Smartwatch,Budget,1399,4500,3101,69.0,152.84,4.8,0,0,1,0,0,0,1,2026-01-16,1.0
Ultra2 Dual Smart Watch With 7 Straps and Two Dials,Generic,Standard Smartwatch,Premium,5299,10000,4701,47.0,41.69,0.0,0,0,7,0,0,0,0,2026-01-16,1.0
Gw9 Max Smart Watch,Generic,Standard Smartwatch,Mid-Range,3199,7000,3801,54.0,64.14,5.0,0,0,1,0,0,0,1,2026-01-16,1.0
KW9 MAX Smart Watch,Generic,Standard Smartwatch,Budget,1799,5500,3701,67.0,137.76,4.9,0,0,1,0,0,0,1,2026-01-16,1.0
Z78 Ultra True Screw Smart Watch,Generic,Standard Smartwatch,Mid-Range,4299,7000,2701,39.0,24.5,4.5,0,0,1,0,0,0,0,2026-01-16,1.0
QCY GS Smart Watch,Generic,Standard Smartwatch,Premium,9299,11000,1701,15.0,2.74,0.0,0,0,1,0,0,0,1,2026-01-16,1.0
Samsung Galaxy Fit 3,Samsung,Premium Watch,Premium,10199,21000,10801,51.0,54.0,4.9,0,0,1,0,0,0,1,2026-01-16,1.0
Haino Teko Richard M10 Smart Watch,Generic,Standard Smartwatch,Premium,7299,10000,2701,27.0,9.99,0.0,0,0,1,0,0,0,0,2026-01-16,1.0
Zero Flex Smart Watch,Zero,Standard Smartwatch,Premium,7999,16000,8001,50.0,50.01,4.0,0,0,1,0,0,0,0,2026-01-16,1.0
Zero Vision Smartwatch,Zero,Standard Smartwatch,Premium,9449,24999,15550,62.0,102.02,4.9,0,0,1,0,0,0,0,2026-01-16,1.0
Faster NERV SMART WATCH 2,Generic,Standard Smartwatch,Premium,7999,12000,4001,33.0,16.5,0.0,0,0,1,0,0,0,1,2026-01-16,1.0
Zero Infinity Smartwatch,Zero,Standard Smartwatch,Premium,8999,23499,14500,62.0,99.89,4.8,0,0,1,0,0,0,1,2026-01-16,1.0
JS11 Pro Max Smart Watch,Generic,Standard Smartwatch,Premium,6799,7500,701,9.0,0.93,0.0,0,0,1,0,0,0,0,2026-01-16,1.0
w9 ultra smartwatch,Generic,Standard Smartwatch,Budget,1499,2750,1251,45.0,37.53,3.0,0,0,1,0,0,0,1,2026-01-16,1.0
H9 Richard Mille Smartwatch 2 In 1 Converible Watch,Generic,Smartwatch + Accessories,Mid-Range,4799,6000,1201,20.0,5.0,0.0,0,0,2,0,0,0,0,2026-01-16,1.0
Z83 Max 3 in 1 Smartwatch,Generic,Standard Smartwatch,Mid-Range,4499,5900,1401,24.0,7.47,0.0,0,0,3,0,0,0,0,2026-01-16,1.0
GT6 Bluetooth Smart Watch,Generic,Standard Smartwatch,Mid-Range,3999,4600,601,13.0,1.95,5.0,0,0,1,0,0,0,1,2026-01-16,1.0
GT9 Bluetooth Smart Watch,Generic,Standard Smartwatch,Mid-Range,2249,3500,1251,36.0,20.02,0.0,0,0,1,0,0,0,1,2026-01-16,1.0
DT900 ultra Smart watch Pro,Generic,Standard Smartwatch,Budget,1499,4000,2501,63.0,105.04,4.5,0,0,1,0,0,0,0,2026-01-16,1.0
L22 Ultra 2 Smart Watch,Generic,Standard Smartwatch,Budget,1799,3000,1201,40.0,26.69,0.0,0,0,1,0,0,0,0,2026-01-16,1.0
H9 New Smart Watch,Generic,Standard Smartwatch,Budget,1899,4000,2101,53.0,58.61,3.0,0,0,1,0,0,0,1,2026-01-16,1.0
Rolex Yax-11 Round Dial Smart Watch,Generic,Standard Smartwatch,Premium,7299,8000,701,9.0,0.86,0.0,0,0,1,0,0,0,0,2026-01-16,1.0
A58 Plus Smart Watch,Generic,Standard Smartwatch,Mid-Range,2199,5000,2801,56.0,71.3,4.4,0,0,1,0,0,0,1,2026-01-16,1.0
T Ultra2 Smart Watch,Generic,Standard Smartwatch,Budget,1499,4000,2501,63.0,105.04,0.0,0,0,1,0,0,0,1,2026-01-16,1.0
crown 7+1 ultra 2 smartwatch,Crown,Standard Smartwatch,Mid-Range,2999,4000,1001,25.0,8.34,0.0,0,0,7,0,0,0,1,2026-01-16,1.0
h20 ultra 2 7 + 1 Ultra Smartwatch,Generic,Standard Smartwatch,Mid-Range,2199,4000,1801,45.0,36.84,5.0,0,0,1,0,0,0,0,2026-01-16,1.0
ultra 2 7 in 1 smart watch,Generic,Standard Smartwatch,Budget,1899,4000,2101,53.0,58.61,0.0,0,0,7,0,0,0,1,2026-01-16,1.0
j20 ultra 2 7in 1 with earbuds smart watch,Generic,Smartwatch + Accessories,Mid-Range,2099,4000,1901,48.0,43.45,0.0,0,0,7,0,0,0,1,2026-01-16,1.0
W9 ultra 2 series 9 Smart watch,Generic,Standard Smartwatch,Budget,1399,3000,1601,53.0,60.61,0.0,0,0,1,0,0,0,1,2026-01-16,1.0
Samsung Galaxy Watch 7 44mm,Samsung,Premium Watch,Luxury,49499,120000,70501,59.0,84.03,4.9,0,0,1,0,0,0,1,2026-01-16,1.0
Zero Elite Smart Watch,Zero,Standard Smartwatch,Premium,9899,15000,5101,34.0,17.52,5.0,0,0,1,0,0,0,0,2026-01-16,1.0
GT5 Buds Smart Watch Headset 2in1 TWS Wireless HIFI Earbuds,Generic,Smartwatch + Accessories,Premium,8499,16000,7501,47.0,41.48,0.0,0,0,2,0,0,0,1,2026-01-16,1.0
MK5 Smart Watch,Generic,Standard Smartwatch,Mid-Range,3399,8400,5001,60.0,88.25,0.0,0,0,1,0,0,0,0,2026-01-16,1.0
Top TK2 Ultra Smart Watch with 6 Straps,Generic,Standard Smartwatch,Mid-Range,2599,7000,4401,63.0,106.64,0.0,0,0,6,0,0,0,1,2026-01-16,1.0
D300 8in1 Smart Watch with Air 31 Airpods,Generic,Smartwatch + Accessories,Mid-Range,3099,6000,2901,48.0,44.92,0.0,0,0,8,0,0,0,1,2026-01-16,1.0
TK600 couple smart watch,Generic,Standard Smartwatch,Mid-Range,2799,5900,3101,53.0,58.7,5.0,0,0,1,0,0,0,1,2026-01-16,1.0
Gen 7 Edition Luxury Mens Bluetooth Smartwatch,Generic,Luxury Smartwatch,Mid-Range,4499,10700,6201,58.0,79.92,0.0,0,0,1,0,0,0,0,2026-01-16,1.0
X80 $ dials Ultra2+S9 Smartwatch With 8 Straps,Generic,Standard Smartwatch,Premium,6399,12000,5601,47.0,41.13,0.0,0,0,8,0,0,0,0,2026-01-16,1.0
P9 Ultra 2 Smart Watch Combo With Headphones,Generic,Smartwatch + Accessories,Mid-Range,2199,7500,5301,71.0,171.08,4.7,0,0,1,0,0,0,1,2026-01-16,1.0
GT5 Smart Watch,Generic,Standard Smartwatch,Mid-Range,2499,6700,4201,63.0,105.87,5.0,0,0,1,0,0,0,1,2026-01-16,1.0
KW 02 ULTRA 2 Smart Watch with 10 straps,Generic,Standard Smartwatch,Mid-Range,2599,5000,2401,48.0,44.33,0.0,0,0,10,0,0,0,0,2026-01-16,1.0
X8 Ultra Bluetooth Calling Watch,Generic,Standard Smartwatch,Mid-Range,2799,5999,3200,53.0,60.57,4.9,0,0,1,1,0,0,1,2026-01-16,1.0
TW18 Ultra Smart Watch,Generic,Standard Smartwatch,Mid-Range,2799,6299,3500,56.0,70.0,0.0,0,0,1,0,0,0,0,2026-01-16,1.0
N8 Ultra Smart Watch,Generic,Standard Smartwatch,Premium,5999,7499,1500,20.0,5.0,0.0,0,0,1,0,0,0,0,2026-01-16,1.0
Xinji Cobee C1 Pro Smart Watch,Generic,Standard Smartwatch,Premium,8749,11500,2751,24.0,7.55,0.0,0,0,1,0,0,0,1,2026-01-16,1.0
T10 Ultra Bluetooth Calling Watch,Generic,Standard Smartwatch,Budget,1299,3999,2700,68.0,141.23,4.8,0,0,1,1,0,0,1,2026-01-16,1.0
HK8 Pro Smart Watch,Generic,Standard Smartwatch,Mid-Range,4299,8000,3701,46.0,39.59,0.0,0,0,1,0,0,0,1,2026-01-16,1.0
Keqiwear KW2 Max Smart Watch,Generic,Standard Smartwatch,Mid-Range,2199,5500,3301,60.0,90.03,0.0,0,0,1,0,0,0,1,2026-01-16,1.0
XINJI COBEE C1 PLUS SMART WATCH,Generic,Standard Smartwatch,Premium,7549,10000,2451,25.0,8.12,0.0,0,0,1,0,0,0,1,2026-01-16,1.0
Series 9 pro smart watch,Generic,Standard Smartwatch,Budget,1549,4000,2451,61.0,96.46,0.0,0,0,1,0,0,0,1,2026-01-16,1.0
Kalobee GW9 Max Smartwatch,Generic,Standard Smartwatch,Mid-Range,3399,6500,3101,48.0,43.78,0.0,0,0,1,0,0,0,1,2026-01-16,1.0
N9 Ultra 2 3 in 1 Smart Watch,Generic,Standard Smartwatch,Mid-Range,2299,4700,2401,51.0,53.24,0.0,0,0,3,0,0,0,0,2026-01-16,1.0
HW3 Pro Smart Watch,Generic,Standard Smartwatch,Mid-Range,4099,6700,2601,39.0,24.74,0.0,0,0,1,0,0,0,1,2026-01-16,1.0
V99 Max Smart Watch With 12 Straps,Generic,Standard Smartwatch,Mid-Range,3199,6700,3501,52.0,56.89,0.0,0,0,12,0,0,0,1,2026-01-16,1.0
Xinji Cobee C3 Ultra High-Quality Smartwatch for Men and Women,Generic,Ladies Smartwatch,Premium,10200,14500,4300,30.0,12.65,0.0,0,0,1,0,0,0,1,2026-01-16,1.0
Dany Boss Pro Smart watch,Generic,Standard Smartwatch,Premium,9999,19999,10000,50.0,50.0,0.0,0,0,1,0,0,0,0,2026-01-16,1.0
Tk705 Ultra Smart Watch With Headphone,Generic,Smartwatch + Accessories,Mid-Range,2999,6000,3001,50.0,50.02,0.0,0,0,1,0,0,0,0,2026-01-16,1.0
D13 GS Smart Watch With 2 Dials and 7 Straps,Generic,Standard Smartwatch,Mid-Range,4799,9000,4201,47.0,41.13,0.0,0,0,7,0,0,0,1,2026-01-16,1.0
P9 Series 9 Smart Watch + Headphones,Generic,Smartwatch + Accessories,Mid-Range,2299,6000,3701,62.0,99.77,0.0,0,0,1,0,0,0,0,2026-01-16,1.0
T900 Pro Max Evo 49mm watch 10 Smart watch,Generic,Standard Smartwatch,Budget,1699,3500,1801,51.0,54.03,1.0,0,0,1,0,0,0,1,2026-01-16,1.0
Ultra 3 8 in 1 Smart Watch,Generic,Standard Smartwatch,Budget,1849,3500,1651,47.0,41.94,0.0,0,0,8,0,0,0,1,2026-01-16,1.0
X10 Mini Smart Watch,Generic,Standard Smartwatch,Budget,1899,4999,3100,62.0,101.16,5.0,0,0,1,0,0,0,1,2026-01-16,1.0
X10 Ultra Mini Smart Watch,Generic,Standard Smartwatch,Mid-Range,2249,4999,2750,55.0,67.22,0.0,0,0,1,0,0,0,1,2026-01-16,1.0
Nothing CMF Pro Smart Watch,Generic,Standard Smartwatch,Luxury,16999,16999,0,0.0,0.0,5.0,0,0,1,0,0,0,1,2026-01-16,1.0
HW10 Pro Smartwatch,Generic,Standard Smartwatch,Mid-Range,3099,4500,1401,31.0,14.01,0.0,0,0,1,0,0,0,1,2026-01-16,1.0
I-730 Ultra 3 Max Smartwatch 10in1 With LCD Earbuds,Generic,Smartwatch + Accessories,Mid-Range,3299,6000,2701,45.0,36.83,0.0,0,0,10,0,0,0,1,2026-01-16,1.0
HiFuture Future Zone2 Smart Watch,Generic,Standard Smartwatch,Premium,10299,12000,1701,14.0,2.31,0.0,0,0,1,0,0,0,1,2026-01-16,1.0
OD1 HD Curved Screen Smart Watch,Generic,Standard Smartwatch,Premium,5599,10000,4401,44.0,34.58,0.0,0,0,1,0,0,0,1,2026-01-16,1.0
Dany Mark Pro Smartwatch,Generic,Standard Smartwatch,Premium,6999,14999,8000,53.0,60.57,0.0,0,0,1,0,0,0,0,2026-01-16,1.0
MK2 Max Smart Watch With 5 Straps,Generic,Standard Smartwatch,Budget,1999,3000,1001,33.0,16.52,0.0,0,0,5,0,0,0,0,2026-01-16,1.0
Oraimo Watch Nova AM Smart Watch OSW-812,Generic,Standard Smartwatch,Premium,7399,10999,3600,33.0,16.05,0.0,0,0,1,0,0,0,0,2026-01-16,1.0
Oraimo Watch 5 Smart Watch OSW-805,Generic,Standard Smartwatch,Premium,6399,7999,1600,20.0,5.0,0.0,0,0,1,0,0,0,0,2026-01-16,1.0
Xiaomi Smart Watch S4,Xiaomi,Standard Smartwatch,Luxury,34499,36999,2500,7.0,0.51,5.0,0,0,1,0,0,0,1,2026-01-16,1.0
Ronin R-013 Rugged Smart Watch,Generic,Sport/Outdoor Watch,Premium,6999,9999,3000,30.0,12.86,5.0,0,0,1,0,0,0,1,2026-01-16,1.0
Oraimo Watch 5R Smart Watch OSW-820,Generic,Standard Smartwatch,Premium,8699,9999,1300,13.0,1.94,0.0,0,0,1,0,0,0,0,2026-01-16,1.0
H28 Plus 3 Bands Fashion Women’s Smartwatch,Generic,Fitness Band,Mid-Range,2649,5000,2351,47.0,41.7,0.0,0,0,1,0,0,0,1,2026-01-16,1.0
TLTM-M18 Series 10 with Double Straps Smart Watch,Generic,Standard Smartwatch,Budget,1749,4250,2501,59.0,84.32,0.0,0,0,1,0,0,0,1,2026-01-16,1.0
TLTM-M1000 Series 10 7 in 1 Smart Watch,Generic,Standard Smartwatch,Budget,1949,3799,1850,49.0,46.49,0.0,0,0,7,0,0,0,1,2026-01-16,1.0
Crown S500 Smart Watch With Earbuds,Crown,Smartwatch + Accessories,Mid-Range,2299,4000,1701,43.0,31.8,0.0,0,0,1,0,0,0,1,2026-01-16,1.0
D99 Plus ( 7+4 ) Smart Watch,Generic,Standard Smartwatch,Mid-Range,3399,6999,3600,51.0,54.0,0.0,0,0,1,0,0,0,0,2026-01-16,1.0
NEO 30 Ultra Double Starps Smart Watch,Generic,Standard Smartwatch,Mid-Range,2099,3500,1401,40.0,26.69,0.0,0,0,1,0,0,0,1,2026-01-16,1.0
Kalobee Watch 4 Mini SK6 With 3 Straps,Generic,Standard Smartwatch,Premium,5399,8999,3600,40.0,26.67,0.0,0,0,3,0,0,0,0,2026-01-16,1.0
Kalobee Music Series 2 in 1 Smartwatch With Earbuds GT8,Generic,Smartwatch + Accessories,Premium,6799,9999,3200,32.0,15.06,0.0,0,0,2,0,0,0,1,2026-01-16,1.0
Zero Lunar 360 Smartwatch,Zero,Standard Smartwatch,Premium,13299,29999,16700,56.0,70.32,5.0,0,0,1,0,0,0,1,2026-01-16,1.0
HD20 Ultra 3 Smart Watch,Generic,Standard Smartwatch,Budget,1599,2600,1001,39.0,24.4,0.0,0,0,1,0,0,0,0,2026-01-16,1.0
HG500 Series 10 ( 7 in1 ) Smart Watch,Generic,Standard Smartwatch,Budget,1649,2700,1051,39.0,24.84,0.0,0,0,7,0,0,0,0,2026-01-16,1.0
AZ200 Ultra 2 ( 7 in 1 ) Smart Watch,Generic,Standard Smartwatch,Budget,1649,2700,1051,39.0,24.84,0.0,0,0,7,0,0,0,1,2026-01-16,1.0
AZ600 Ultra 2 ( 7 in 1 ) Smart Watch,Generic,Standard Smartwatch,Budget,1649,2700,1051,39.0,24.84,0.0,0,0,7,0,0,0,0,2026-01-16,1.0
HD10 Max Smart Watch,Generic,Standard Smartwatch,Budget,1599,2600,1001,39.0,24.4,0.0,0,0,1,0,0,0,0,2026-01-16,1.0
Max 300 Ultra 7 Straps Smart Watch,Generic,Standard Smartwatch,Budget,1599,2600,1001,39.0,24.4,0.0,0,0,7,0,0,0,1,2026-01-16,1.0
TLTM M22 Ultra 2 ( 7 in 1 ) Smart Watch,Generic,Standard Smartwatch,Budget,1599,2600,1001,39.0,24.4,0.0,0,0,7,0,0,0,0,2026-01-16,1.0
K86 Ultra 2 ( 7+1 ) Smart Watch,Generic,Standard Smartwatch,Budget,1599,2600,1001,39.0,24.4,0.0,0,0,7,0,0,0,1,2026-01-16,1.0
MK-X40 ( 7 in 1 ) Series 10 Smart Watch,Generic,Standard Smartwatch,Budget,1799,3000,1201,40.0,26.69,0.0,0,0,7,0,0,0,1,2026-01-16,1.0
T800 Ultra 3 Max Smart Watch,Generic,Standard Smartwatch,Budget,1249,1900,651,34.0,17.71,0.0,0,0,1,0,0,0,1,2026-01-16,1.0
AS1 Plus Ladies Smart Watch,Generic,Ladies Smartwatch,Mid-Range,2499,4400,1901,43.0,32.7,0.0,0,0,1,0,0,0,0,2026-01-16,1.0
S9 Pro Double Straps Smart Watch,Generic,Standard Smartwatch,Budget,1699,2800,1101,39.0,25.26,0.0,0,0,1,0,0,0,1,2026-01-16,1.0
Ultra 3 Smart Watch,Generic,Standard Smartwatch,Budget,1549,2500,951,38.0,23.31,0.0,0,0,1,0,0,0,1,2026-01-16,1.0
Samsung Watch Ultra SM-L705F,Samsung,Premium Watch,Luxury,100499,130000,29501,23.0,6.75,0.0,0,0,1,0,0,0,1,2026-01-16,1.0
Huawei Watch GT6,Huawei,Standard Smartwatch,Luxury,55999,110000,54001,49.0,47.25,0.0,0,0,1,0,0,0,1,2026-01-16,1.0
Mibro A3 Smart Watch,Generic,Standard Smartwatch,Premium,9999,17400,7401,43.0,31.82,0.0,0,0,1,0,0,0,0,2026-01-16,1.0
Oraimo Watch 6 Pro OSW-807S SmartWatch,Generic,Standard Smartwatch,Premium,5899,7999,2100,26.0,9.25,0.0,0,0,1,0,0,0,0,2026-01-16,1.0
Amaya ASW-10 Smartwatch,Generic,Standard Smartwatch,Premium,9999,12499,2500,20.0,5.0,0.0,0,0,1,0,0,0,0,2026-01-16,1.0
Amaya ASW-07 Smart Watch,Generic,Standard Smartwatch,Premium,11999,15000,3001,20.0,5.0,0.0,0,0,1,0,0,0,0,2026-01-16,1.0
Joyroom Fit-Life Series Calling Watch (JR-FT3 Pro),Generic,Standard Smartwatch,Premium,7399,8000,601,8.0,0.65,5.0,0,0,1,1,0,0,1,2026-01-16,1.0
HOTTU HOT8 Pro Smart Watch,Generic,Standard Smartwatch,Premium,6499,7500,1001,13.0,2.0,0.0,0,0,1,0,0,0,0,2026-01-16,1.0
TW28 Ultra Smart Watch,Generic,Standard Smartwatch,Mid-Range,2899,6999,4100,59.0,83.41,0.0,0,0,1,0,0,0,1,2026-01-16,1.0
DT8 Ultra Max Smart Watch,Generic,Standard Smartwatch,Premium,6499,7999,1500,19.0,4.38,4.6,0,0,1,0,0,0,0,2026-01-16,1.0
Zero Terra Fit Smart Watch,Zero,Standard Smartwatch,Premium,5999,16989,10990,65.0,119.06,4.8,0,0,1,0,0,0,1,2026-01-16,1.0
Zero Caliber Pro All-Metal Appearance,Zero,Standard Smartwatch,Premium,6999,20499,13500,66.0,127.29,4.8,0,0,1,0,0,0,0,2026-01-16,1.0
N9 Ultra Pro Smart Watch,Generic,Standard Smartwatch,Mid-Range,4199,5900,1701,29.0,11.74,0.0,0,0,1,0,0,0,0,2026-01-16,1.0
Dany Pulse Pro Smartwatch,Generic,Standard Smartwatch,Premium,6999,17999,11000,61.0,95.86,4.6,0,0,1,0,0,0,1,2026-01-16,1.0
Haino Teko RW 10 Smart Watch,Generic,Standard Smartwatch,Premium,8499,10000,1501,15.0,2.65,5.0,0,0,1,0,0,0,1,2026-01-16,1.0
Valdus OA88 Smartwatch,Generic,Standard Smartwatch,Premium,7299,8900,1601,18.0,3.95,5.0,0,0,1,0,0,0,1,2026-01-16,1.0
Z68 Ultra Smart Watch,Generic,Standard Smartwatch,Mid-Range,4699,6999,2300,33.0,16.15,0.0,0,0,1,0,0,0,0,2026-01-16,1.0
Xinji Cobee C3 Smart Watch,Generic,Standard Smartwatch,Premium,11299,14500,3201,22.0,6.23,0.0,0,0,1,0,0,0,1,2026-01-16,1.0
Zero Drift Smart Watch,Zero,Standard Smartwatch,Premium,12949,13999,1050,8.0,0.65,5.0,0,0,1,0,0,0,1,2026-01-16,1.0
JS9 Ultra MAX Smart Watch,Generic,Standard Smartwatch,Premium,6699,8500,1801,21.0,5.64,0.0,0,0,1,0,0,0,1,2026-01-16,1.0
Zero Ninja Smart Watch,Zero,Standard Smartwatch,Premium,10999,14000,3001,21.0,5.73,5.0,0,0,1,0,0,0,1,2026-01-16,1.0
W&O X9 + Ultra 2 Super Amoled Smartwatch,Generic,Standard Smartwatch,Mid-Range,3799,10000,6201,62.0,101.17,0.0,0,0,1,0,1,0,1,2026-01-16,1.0
Z88 Pro Smart Watch,Generic,Standard Smartwatch,Mid-Range,4299,8000,3701,46.0,39.59,5.0,0,0,1,0,0,0,1,2026-01-16,1.0
Airox W1 Bluetooth Calling Smart Watch,Generic,Standard Smartwatch,Mid-Range,4999,6000,1001,17.0,3.4,0.0,0,0,1,1,0,0,1,2026-01-16,1.0
Zero Legend Smart Watch,Zero,Standard Smartwatch,Premium,7999,22499,14500,64.0,116.0,0.0,0,0,1,0,0,0,0,2026-01-16,1.0
T20 Pro Max Smart Watch,Generic,Standard Smartwatch,Budget,1699,4500,2801,62.0,102.15,4.3,0,0,1,0,0,0,1,2026-01-16,1.0
WS6 Curved Smart Watch,Generic,Standard Smartwatch,Premium,6299,9000,2701,30.0,12.86,4.0,0,0,1,0,0,0,1,2026-01-16,1.0
Hk9 Pro Plus Smart Watch,Generic,Standard Smartwatch,Mid-Range,4799,10000,5201,52.0,56.34,4.9,0,0,1,0,0,0,1,2026-01-16,1.0
G-TiDE Q1 Smart Watch,Generic,Standard Smartwatch,Mid-Range,3999,7000,3001,43.0,32.26,0.0,0,0,1,0,0,0,0,2026-01-16,1.0
C900 PRO MAX Series 9 SMART WATCH,Generic,Standard Smartwatch,Budget,1849,4000,2151,54.0,62.79,0.0,0,0,1,0,0,0,1,2026-01-16,1.0
Y70 Ultra Couple Smartwatch 13 Straps,Generic,Standard Smartwatch,Premium,5299,10000,4701,47.0,41.69,0.0,0,0,13,0,0,0,0,2026-01-16,1.0
Maxon M-01 SMARTWATCH,Generic,Standard Smartwatch,Premium,8900,13350,4450,33.0,16.5,0.0,0,0,1,0,0,0,0,2026-01-16,1.0
Haino Teko S2 Ultra 3 Straps Smart Watch,Generic,Standard Smartwatch,Premium,7699,15000,7301,49.0,46.46,0.0,0,0,3,0,0,0,0,2026-01-16,1.0
Zero Drip Smart watch,Zero,Standard Smartwatch,Premium,7999,22499,14500,64.0,116.0,5.0,0,0,1,0,0,0,1,2026-01-16,1.0
Faster NERV WATCH 1,Generic,Standard Smartwatch,Premium,7899,12000,4101,34.0,17.65,0.0,0,0,1,0,0,0,1,2026-01-16,1.0
T800 Ultra 2 Smart Watch,Generic,Standard Smartwatch,Budget,1299,3000,1701,57.0,74.58,4.5,0,0,1,0,0,0,1,2026-01-16,1.0
Airox Hybrid Smart Watch,Generic,Standard Smartwatch,Mid-Range,4299,10000,5701,57.0,75.57,0.0,0,0,1,0,0,0,1,2026-01-16,1.0
Fashion i50 Suit Max 11 in 1 Ultra2 Smart watch,Generic,Smartwatch + Accessories,Premium,5299,6000,701,12.0,1.59,0.0,0,0,11,0,0,0,0,2026-01-16,1.0
Z79 Max Armour Smart Watch,Generic,Standard Smartwatch,Mid-Range,4499,5200,701,13.0,2.03,0.0,0,0,1,0,0,0,1,2026-01-16,1.0
LG68 Ultra SmartWatch,Generic,Standard Smartwatch,Mid-Range,3877,4600,723,16.0,2.98,0.0,0,0,1,0,0,0,0,2026-01-16,1.0
Z70 Ultra 2 Smart Watch 8+1,Generic,Standard Smartwatch,Mid-Range,2149,3700,1551,42.0,30.3,0.0,0,0,8,0,0,0,0,2026-01-16,1.0
GT1 Bluetooth Calling Smartwatch,Generic,Standard Smartwatch,Budget,1549,3500,1951,56.0,70.49,3.0,0,0,1,1,0,0,1,2026-01-16,1.0
Z90 Pro Series 9 Smart Watch,Generic,Standard Smartwatch,Mid-Range,2849,5000,2151,43.0,32.45,0.0,0,0,1,0,0,0,1,2026-01-16,1.0
S30 Ultra 2 7 in 1 smart watch,Generic,Standard Smartwatch,Budget,1999,3500,1501,43.0,32.27,0.0,0,0,7,0,0,0,1,2026-01-16,1.0
Apple Watch SE,Apple,Mid-Range Watch,Luxury,66999,87000,20001,23.0,6.87,0.0,0,0,1,0,0,0,1,2026-01-16,1.0
Active 2 Round Smartwatch,Generic,Standard Smartwatch,Mid-Range,2849,8000,5151,64.0,115.67,4.3,0,0,1,0,0,0,1,2026-01-16,1.0
Ws01 Ultra 2 Smart Watch with 7 Straps,Generic,Standard Smartwatch,Budget,1849,3500,1651,47.0,41.94,5.0,0,0,7,0,0,0,0,2026-01-16,1.0
Hy01 Sports Outdoor Smart Watch,Generic,Sport/Outdoor Watch,Mid-Range,4999,10000,5001,50.0,50.01,0.0,0,0,1,0,0,0,1,2026-01-16,1.0
V200 PRO Max series 9 smart watch,Generic,Standard Smartwatch,Mid-Range,2599,4500,1901,42.0,30.71,0.0,0,0,1,0,0,0,1,2026-01-16,1.0
HD96 Ultra 2 Smart Watch With 3 Straps,Generic,Standard Smartwatch,Budget,1849,4500,2651,59.0,84.55,0.0,0,0,3,0,0,0,1,2026-01-16,1.0
HK Pro Plus Smart Watch Series 9,Generic,Standard Smartwatch,Premium,5099,8500,3401,40.0,26.67,0.0,0,0,1,0,0,0,1,2026-01-16,1.0
X90 Max Smart Watch,Generic,Standard Smartwatch,Budget,1899,4700,2801,60.0,88.45,0.0,0,0,1,0,0,0,1,2026-01-16,1.0
Amazfit Balance Smart Watch,Amazfit,Standard Smartwatch,Luxury,43999,56500,12501,22.0,6.25,0.0,0,0,1,0,0,0,0,2026-01-16,1.0
HUAWEI WATCH GT 5,Huawei,Standard Smartwatch,Luxury,51999,65999,14000,21.0,5.65,5.0,0,0,1,0,0,0,0,2026-01-16,1.0
XINJI COBEE CA1 Smart Watch Stylish 1.96'' with AMOLED HD Display,Generic,Standard Smartwatch,Premium,11200,20000,8800,44.0,34.57,0.0,0,0,1,0,1,0,1,2026-01-16,1.0
G-Tide R2 Pro Smartwatch,Generic,Standard Smartwatch,Premium,12499,21000,8501,40.0,27.2,0.0,0,0,1,0,0,0,1,2026-01-16,1.0
TF7 Ultra Smartwatch,Generic,Standard Smartwatch,Mid-Range,2999,7000,4001,57.0,76.02,5.0,0,0,1,0,0,0,1,2026-01-16,1.0
Z7 Ultra Smart Watch,Generic,Standard Smartwatch,Mid-Range,4499,9000,4501,50.0,50.01,0.0,0,0,1,0,0,0,1,2026-01-16,1.0
S10 Plus Ultra 3 2 in 1 Double Straps Smart Watch,Generic,Smartwatch + Accessories,Mid-Range,2199,5000,2801,56.0,71.3,0.0,0,0,2,0,0,0,0,2026-01-16,1.0
S70 Max Outdoor Sport Smart Watch,Generic,Sport/Outdoor Watch,Premium,6499,10000,3501,35.0,18.85,0.0,0,0,1,0,0,0,1,2026-01-16,1.0
D93 Watch 4 Pro With LCD Earpods Smart Watch,Generic,Standard Smartwatch,Mid-Range,4599,7000,2401,34.0,17.75,0.0,0,0,1,0,0,0,1,2026-01-16,1.0
HiFuture Aix Luxury Smart Watch,Generic,Luxury Smartwatch,Luxury,28299,30000,1701,6.0,0.36,0.0,0,0,1,0,0,0,0,2026-01-16,1.0
LG83 Max Series 10 3in1 Smart Watch,Generic,Standard Smartwatch,Mid-Range,2899,4500,1601,36.0,19.87,0.0,0,0,3,0,0,0,1,2026-01-16,1.0
Zero Regal AI Smart Watch,Zero,Standard Smartwatch,Luxury,16999,39999,23000,58.0,78.47,0.0,0,0,1,0,0,0,0,2026-01-16,1.0
Blaktron Halo T1 Smart Watch,Generic,Standard Smartwatch,Premium,8549,9730,1181,12.0,1.66,0.0,0,0,1,0,0,0,0,2026-01-16,1.0
Blaktron Zenith Z2 Smart Watch,Generic,Standard Smartwatch,Premium,11149,14999,3850,26.0,8.98,0.0,0,0,1,0,0,0,0,2026-01-16,1.0
Oraimo Watch 5 Lite Smart Watch OSW-804,Generic,Standard Smartwatch,Mid-Range,4449,6499,2050,32.0,14.74,0.0,0,0,1,0,0,0,0,2026-01-16,1.0
Zero Jewel Smart Watch,Zero,Standard Smartwatch,Premium,11499,27999,16500,59.0,84.65,0.0,0,0,1,0,0,0,1,2026-01-16,1.0
Ronin R-013 Luxe Smart Watch,Generic,Standard Smartwatch,Premium,7599,10499,2900,28.0,10.68,0.0,0,0,1,0,0,0,1,2026-01-16,1.0
Kieslect Lora Lady Watch Gold Color,Generic,Luxury Smartwatch,Premium,10299,15999,5700,36.0,19.92,0.0,0,0,1,0,0,0,0,2026-01-16,1.0
Oraimo Watch 5R Pro Smart Watch OSW-830,Generic,Standard Smartwatch,Premium,9299,14999,5700,38.0,23.29,0.0,0,0,1,0,0,0,0,2026-01-16,1.0
EZ M10 Ultra 2 With 7 Straps Smart Watch,Generic,Standard Smartwatch,Mid-Range,2449,4999,2550,51.0,53.08,0.0,0,0,7,0,0,0,0,2026-01-16,1.0
W10 10 in 1 Straps Smart Watch,Generic,Standard Smartwatch,Mid-Range,2199,5500,3301,60.0,90.03,0.0,0,0,10,0,0,0,1,2026-01-16,1.0
Watch 4 Pro Suit 7 Straps Smart watch,Generic,Smartwatch + Accessories,Mid-Range,3199,6000,2801,47.0,41.14,0.0,0,0,7,0,0,0,1,2026-01-16,1.0
Gen 9 Ladies Double Straps Smart Watch,Generic,Ladies Smartwatch,Mid-Range,3299,7000,3701,53.0,59.44,0.0,0,0,1,0,0,0,1,2026-01-16,1.0
